iter	MAE	RMSE
0	4695.986985	5668.198412
1	4613.344126	5573.915184
2	4534.283048	5483.787223
3	4455.13283	5394.590015
4	4382.917667	5309.874213
5	4306.769344	5224.164312
6	4231.866791	5139.023987
7	4158.218464	5055.834131
8	4089.42465	4976.505184
9	4020.261087	4897.473464
10	3951.466664	4819.786465
11	3884.305047	4744.330146
12	3818.267782	4670.032482
13	3755.589136	4597.2869
14	3695.941329	4527.177322
15	3634.563534	4458.352858
16	3575.466372	4388.809379
17	3514.467251	4319.553368
18	3455.714724	4253.559581
19	3399.26762	4188.477463
20	3345.600774	4125.400362
21	3291.51539	4062.455317
22	3239.061858	4001.442552
23	3185.754206	3941.418705
24	3133.458085	3882.919554
25	3084.25158	3826.97571
26	3034.18399	3768.512968
27	2984.854299	3712.708642
28	2937.454785	3658.765793
29	2890.988244	3603.96299
30	2846.354427	3551.356754
31	2802.299008	3500.4202
32	2757.757739	3448.93863
33	2714.984721	3398.769168
34	2672.203118	3350.080629
35	2630.036806	3301.380219
36	2588.329332	3253.671255
37	2548.919675	3207.429597
38	2508.565219	3161.933228
39	2469.83572	3118.703821
40	2433.402519	3077.010755
41	2398.004732	3036.017614
42	2361.24143	2994.598315
43	2326.236554	2955.180538
44	2293.371589	2917.271673
45	2260.01823	2879.057917
46	2226.63604	2840.642966
47	2194.598533	2803.646187
48	2164.125604	2767.37608
49	2132.518335	2731.392633
50	2102.881069	2697.435273
51	2073.666772	2663.338387
52	2046.123012	2630.822282
53	2017.933014	2598.477541
54	1989.865285	2566.141632
55	1963.299919	2534.610806
56	1937.06565	2503.652895
57	1910.501526	2473.045933
58	1885.465672	2443.444997
59	1859.840606	2414.096223
60	1834.406349	2384.300581
61	1810.530851	2356.361968
62	1787.556191	2329.758326
63	1763.686605	2301.74358
64	1742.277917	2275.981237
65	1720.260417	2249.347256
66	1698.171083	2223.845254
67	1676.927029	2199.117957
68	1655.822068	2174.123206
69	1635.058309	2149.887364
70	1616.542208	2128.010355
71	1597.020534	2105.509973
72	1578.823701	2084.246695
73	1560.667455	2062.492354
74	1543.190335	2041.426749
75	1524.522015	2019.318569
76	1507.059245	1998.180483
77	1489.810191	1978.243244
78	1473.146264	1958.697806
79	1458.385283	1940.713234
80	1442.294375	1921.735874
81	1426.633618	1902.780117
82	1410.980364	1884.497467
83	1396.0303	1866.91887
84	1381.000892	1849.342644
85	1365.398158	1830.293134
86	1351.190564	1813.372729
87	1337.517696	1797.171991
88	1323.28684	1779.722306
89	1310.173968	1763.835086
90	1297.575742	1748.356259
91	1286.504498	1734.127549
92	1275.837908	1720.67951
93	1264.869583	1706.601046
94	1253.064334	1692.365128
95	1241.501474	1678.577797
96	1231.304669	1665.22552
97	1221.145054	1652.814541
98	1211.562776	1640.5198
99	1201.892054	1628.451069
100	1190.920782	1614.873222
101	1180.798499	1602.324649
102	1171.453272	1590.913106
103	1162.406874	1579.489801
104	1153.422263	1568.23463
105	1145.091656	1557.932981
106	1135.778847	1546.163723
107	1126.991925	1535.163728
108	1117.79241	1523.763963
109	1108.458062	1512.365635
110	1099.344102	1501.062549
111	1092.001115	1491.992747
112	1084.191179	1482.142393
113	1076.13315	1472.110232
114	1068.823547	1463.294524
115	1061.160582	1453.284438
116	1053.333676	1443.628249
117	1046.518532	1434.724909
118	1039.339285	1425.272272
119	1032.917789	1416.841826
120	1026.712759	1408.862305
121	1020.02201	1400.662304
122	1012.927859	1391.973603
123	1006.60497	1383.948664
124	1000.102376	1375.631557
125	994.1913263	1367.967603
126	988.7849062	1360.963077
127	982.8948278	1353.676424
128	977.4761165	1346.848371
129	972.2198163	1339.970446
130	966.6937439	1333.130225
131	961.2905213	1325.972333
132	956.1643848	1319.145545
133	951.1848208	1312.829777
134	946.2478838	1306.419138
135	941.7806172	1300.556692
136	936.77657	1294.417912
137	931.9300905	1288.251723
138	927.4968376	1282.545388
139	923.6967743	1277.355721
140	919.3997399	1271.728156
141	915.4057228	1266.593231
142	911.4121338	1261.260873
143	907.3923276	1255.729812
144	903.5317492	1250.757875
145	899.4243877	1245.556561
146	895.5910021	1240.401946
147	891.8923385	1235.740088
148	887.8792507	1230.679691
149	884.2507902	1225.94761
150	880.9109553	1221.334198
151	877.3645424	1216.568638
152	874.2947206	1212.437591
153	871.1207559	1207.967671
154	867.7537836	1203.392839
155	864.714852	1199.297919
156	861.5733246	1195.033806
157	858.6841431	1191.180847
158	855.6060954	1186.760478
159	852.6358265	1183.088242
160	849.6104665	1179.312666
161	847.0514739	1175.92508
162	844.1402985	1172.355475
163	841.0056426	1168.208228
164	838.5447713	1164.806276
165	836.0075153	1161.227747
166	833.1539433	1157.320198
167	830.2367032	1153.787994
168	827.5986201	1150.129975
169	824.6380859	1146.655932
170	821.7013144	1143.005974
171	819.2282037	1139.671727
172	816.3837969	1136.205151
173	813.8385485	1132.783486
174	811.3308332	1129.315082
175	808.7517515	1126.145383
176	806.1128201	1122.96841
177	804.2782737	1120.082834
178	802.4013839	1117.405413
179	800.2686461	1114.619293
180	798.1156247	1111.704427
181	796.2775157	1109.157462
182	794.6246782	1106.648606
183	792.5422624	1103.848798
184	790.6830113	1101.279012
185	788.5853757	1098.62188
186	786.7022348	1096.218239
187	784.6620088	1093.748872
188	782.5733457	1090.926008
189	780.7206118	1088.624136
190	778.6400206	1085.784936
191	777.0135546	1083.412628
192	775.3504539	1081.21431
193	773.2966846	1078.526813
194	771.5128226	1075.886596
195	769.932683	1073.608768
196	768.1511475	1071.338655
197	766.1650321	1068.851903
198	764.2285988	1066.471802
199	762.5276121	1064.357379
200	760.8077106	1061.936053
201	759.0739944	1059.688389
202	757.3958378	1057.454609
203	755.9708661	1055.583531
204	754.3572718	1053.257947
205	753.0093781	1051.281006
206	751.4328582	1049.059406
207	750.0809337	1047.219913
208	748.4609075	1044.822489
209	747.036732	1042.809893
210	745.2935065	1040.333489
211	744.0336884	1038.639006
212	742.7956417	1036.748847
213	741.3757054	1035.033705
214	740.3123744	1033.272223
215	739.2909908	1031.553968
216	737.8293327	1029.597287
217	736.6687469	1027.995182
218	735.5046722	1026.51735
219	733.8629893	1024.417091
220	732.5391355	1022.567999
221	731.3976726	1020.951472
222	730.2497546	1019.303214
223	729.1517135	1017.68814
224	727.8429682	1015.781858
225	726.3562976	1014.069564
226	725.3694991	1012.361808
227	724.2677958	1010.843034
228	723.4698674	1009.271648
229	722.4264354	1007.707056
230	721.0613589	1006.13951
231	719.7925184	1004.518768
232	718.7763758	1003.190467
233	717.5903099	1001.848695
234	716.6689725	1000.417864
235	715.7672173	999.0566283
236	714.8714488	997.8389044
237	713.9784084	996.4650755
238	712.9560444	995.2208754
239	711.7450649	993.6420674
240	710.5597738	992.2209833
241	709.6553392	991.0459529
242	708.8056179	990.0068829
243	707.7623601	988.4874077
244	706.7653542	986.8512464
245	705.5185179	985.2292369
246	704.3824577	983.899053
247	703.2128468	982.4565493
248	702.3155242	981.1763004
249	701.4694104	979.9472491
250	700.7358876	978.9620501
251	699.6680877	977.63958
252	698.753258	976.5047455
253	697.7188534	974.8639214
254	696.6346328	973.3909909
255	695.8180995	972.3757997
256	694.791691	970.9337651
257	693.9488928	969.6604295
258	692.9411952	968.4261449
259	692.0603696	967.2073747
260	691.3382888	966.129671
261	690.3815591	964.7306255
262	689.4384675	963.4017272
263	688.5409859	962.2959681
264	687.8710063	961.3116209
265	686.876997	960.2405812
266	685.8341761	958.7632518
267	684.8987608	957.200151
268	684.0806227	955.7887559
269	683.3671755	954.8461597
270	682.3784683	953.6999596
271	681.4444099	952.4902254
272	680.6440944	951.4448764
273	679.6652338	950.2751149
274	678.5617977	948.7195299
275	677.8258818	947.5325915
276	676.9447439	946.3280255
277	676.2447476	945.2546398
278	675.6381905	944.284744
279	675.1174435	943.5498232
280	674.5018051	942.564594
281	673.7231058	941.579449
282	673.0465137	940.5680843
283	672.3907266	939.5202176
284	671.941075	938.8722909
285	671.2781506	938.178393
286	670.5649019	937.0542723
287	669.7722038	936.030113
288	668.7217647	934.6726008
289	668.1649918	933.6024316
290	667.6114584	932.8285018
291	666.8959556	931.8849069
292	666.4349806	931.0807222
293	665.8848467	930.2678988
294	665.246246	929.5346922
295	664.5704805	928.7006225
296	664.0329772	927.963145
297	663.2100686	927.0498535
298	662.7404031	926.4460511
299	662.0941233	925.4274573
300	661.390352	924.4111638
301	660.8920088	923.6768836
302	660.1092706	922.5463272
303	659.5144151	921.7371601
304	658.9194648	920.7758831
305	658.3805751	920.1485082
306	657.8426694	919.3790084
307	657.1496088	918.3735399
308	655.9160709	916.889092
309	655.4431362	916.2726399
310	654.7120133	915.3199141
311	654.2757925	914.6134751
312	653.8304271	913.9212527
313	653.2763671	913.0841286
314	652.3850254	911.8429006
315	651.7823024	910.8954625
316	651.2884913	910.1219351
317	650.761392	909.3128855
318	650.1004267	908.370814
319	649.3084372	907.3357805
320	648.6244184	906.3918911
321	647.6112798	905.0994442
322	647.1216463	904.3421925
323	646.2609502	903.2555827
324	645.7820664	902.3650618
325	645.2941001	901.5623165
326	644.529786	900.6545341
327	643.8466647	899.6031692
328	643.1463417	898.5288956
329	642.6079845	897.6560366
330	641.7960376	896.4700094
331	641.0928479	895.4336408
332	640.6366807	894.7078696
333	639.8791228	893.7245209
334	639.4810968	893.1528642
335	639.1406424	892.6988525
336	638.702823	892.004706
337	638.2003056	891.2971192
338	637.6896997	890.6496527
339	637.2986921	889.9588135
340	636.9535924	889.5221669
341	636.4094521	888.6872391
342	635.9221223	888.1875292
343	635.3947627	887.3425514
344	635.0358189	886.7751065
345	634.7288467	886.2544717
346	634.0457183	885.4398709
347	633.453446	884.6343115
348	633.0396324	884.0735723
349	632.4750708	883.3176137
350	631.9702385	882.6392063
351	631.5537549	882.0140792
352	631.1312837	881.4660065
353	630.6525715	880.7320202
354	630.1453312	880.0673279
355	629.7521212	879.5741262
356	629.3490674	878.8594386
357	628.731843	877.9533695
358	628.3364391	877.3673382
359	627.9183854	876.7763946
360	627.1976543	875.925302
361	626.6482258	875.0594504
362	626.2708253	874.4703206
363	625.8161608	873.9156572
364	625.4544589	873.4173051
365	625.0172229	872.8113095
366	624.7791934	872.1223657
367	624.2559341	871.4032928
368	623.8633563	870.810839
369	623.5510599	870.2638886
370	623.0496964	869.3510132
371	622.6017269	868.6771557
372	622.0889615	867.8911432
373	621.6845375	867.3020473
374	621.4525402	866.8902122
375	620.7399207	865.9243662
376	620.4452006	865.4008254
377	620.0082677	864.5701643
378	619.6575873	863.9188552
379	619.1804786	863.1761247
380	618.5918456	862.4455638
381	618.2060423	861.7435366
382	617.6777194	860.9738776
383	617.3474813	860.5219834
384	616.9169969	859.9081689
385	616.4435595	859.1927667
386	615.9306574	858.680666
387	615.3712089	857.8316842
388	614.9686191	857.0631743
389	614.1959891	856.0485324
390	613.4634752	855.0657819
391	613.1746688	854.6252877
392	612.928987	854.1683849
393	612.4166187	853.3797439
394	611.824816	852.5279168
395	611.5491876	852.021863
396	611.1778538	851.307699
397	610.5171627	850.3911496
398	609.7942831	849.512373
399	609.4735175	848.9848276
400	609.2560191	848.5621091
401	608.8804603	847.8887378
402	608.5892605	847.4853731
403	608.1934433	846.8292974
404	607.6341505	846.0428301
405	607.0442544	845.2132662
406	606.6256283	844.6352885
407	606.2467874	843.9930205
408	605.6561499	843.0850023
409	605.3835968	842.6367953
410	604.7891872	841.9852823
411	604.4274327	841.379284
412	604.1005533	840.8173064
413	603.7589505	840.0886303
414	603.2699849	839.3832159
415	602.9065876	838.8140239
416	602.5546345	838.3320847
417	601.9294068	837.4545889
418	601.595131	837.0464413
419	601.0627918	836.4377637
420	600.4208593	835.579009
421	600.1025748	835.0909206
422	599.7528359	834.4549036
423	599.4760665	833.8746595
424	599.0834128	833.3045197
425	598.6107927	832.5536512
426	598.0731471	831.8134358
427	597.4738852	831.0402738
428	597.0974653	830.4751667
429	596.6945489	829.7438813
430	596.2675452	829.2027886
431	595.6879289	828.4905734
432	595.4168131	828.0855761
433	594.9908769	827.2723139
434	594.7383333	826.8027358
435	594.4857049	826.2522114
436	594.2601082	825.6945598
437	594.0422556	825.2968955
438	593.7367501	824.8069789
439	593.3278503	824.1051818
440	592.8836398	823.5165825
441	592.5627745	823.0216023
442	592.202566	822.5069696
443	591.7551563	821.9392943
444	591.4509483	821.3057603
445	590.9870287	820.5780594
446	590.6705351	820.0072609
447	590.4523238	819.5949662
448	590.0966137	819.0192062
449	589.7764031	818.2956415
450	589.0937955	817.3482895
451	588.5061564	816.5625675
452	588.2483392	815.9692012
453	587.9166804	815.4586448
454	587.6341531	815.0148738
455	587.4208078	814.6360209
456	587.1396006	814.1877753
457	586.7454803	813.5902935
458	586.3483681	813.019629
459	585.9006158	812.3656999
460	585.5882859	811.9691617
461	585.1134349	811.2938244
462	584.6632687	810.6740067
463	584.4052701	810.2452039
464	583.8375229	809.5214551
465	583.4461232	808.9759321
466	583.1470821	808.4280327
467	582.8280015	807.9697111
468	582.4881154	807.4295302
469	582.2199653	807.1037794
470	581.7046635	806.5112744
471	581.4026989	806.0884613
472	581.1211603	805.5367023
473	580.8665453	805.0408026
474	580.3333228	804.464913
475	579.9765542	803.931914
476	579.4787063	803.2407401
477	579.0718301	802.6588593
478	578.6852617	802.0473466
479	578.4934059	801.7111087
480	578.0844215	800.9651401
481	577.746966	800.4958742
482	577.3616492	800.0038829
483	577.1201104	799.4304748
484	576.6982282	798.8752615
485	576.3938341	798.3348642
486	576.0789663	797.8914384
487	575.802534	797.3509571
488	575.4957436	796.9116083
489	575.041446	796.4436154
490	574.8105359	796.1104693
491	574.4763662	795.5866477
492	574.2527735	795.2451665
493	573.9862428	794.8097605
494	573.5317297	794.198791
495	573.281879	793.7348036
496	572.9382603	793.2141191
497	572.5959236	792.815521
498	572.2665891	792.2827859
499	571.7440304	791.6096419
500	571.4904907	791.0994014
501	571.3063211	790.7320067
502	570.926495	790.181883
503	570.5516386	789.6574435
504	570.0340969	788.9890372
505	569.5625813	788.4453655
506	569.1806096	787.7401562
507	569.0055677	787.3848754
508	568.4818096	786.6223911
509	568.1884751	786.191424
510	567.8148496	785.6895026
511	567.48004	785.3278931
512	567.2788737	784.9350722
513	567.0108092	784.461901
514	566.5038132	783.7384348
515	566.3234375	783.275806
516	566.005176	782.6647729
517	565.664105	782.0551107
518	565.3398573	781.4612548
519	565.0595317	781.0223199
520	564.79387	780.5509707
521	564.5137439	780.0350395
522	564.2202168	779.6151035
523	563.714285	778.9403735
524	563.5203824	778.5947271
525	562.8806639	777.8169492
526	562.4429093	777.2177008
527	562.1728905	776.7122582
528	561.6131046	776.0430624
529	561.2494282	775.5056653
530	560.9518046	775.0786457
531	560.6350011	774.5993495
532	560.2949412	774.1230626
533	560.1011441	773.7967046
534	559.8457453	773.3653779
535	559.6769666	773.0649304
536	559.3744985	772.5408293
537	559.1558836	772.1449809
538	558.9665561	771.8503414
539	558.7089769	771.3998876
540	558.3081854	770.7648286
541	557.9410811	770.1388642
542	557.6305825	769.5306598
543	557.3590861	768.9798449
544	557.1407684	768.5904103
545	556.8267891	768.1682583
546	556.4811545	767.5515546
547	556.0718211	766.9898035
548	555.8245341	766.6331718
549	555.3925558	766.0153281
550	555.1269296	765.6019327
551	554.8653656	765.0898123
552	554.5595009	764.5514582
553	554.3102592	764.1726255
554	554.0954704	763.8842676
555	553.7878329	763.4031352
556	553.4873308	762.9017863
557	553.2568113	762.4577301
558	552.968591	761.9473737
559	552.644652	761.4698301
560	552.2661772	760.9467739
561	551.9494581	760.4363333
562	551.6261104	759.9811917
563	551.4674963	759.6768792
564	551.0750281	759.2318131
565	550.8924712	758.8405756
566	550.5485519	758.3367056
567	550.2165216	757.9645726
568	549.7970892	757.417552
569	549.5666214	756.9486174
570	549.1473617	756.2216625
571	548.7669341	755.7694092
572	548.3866483	755.2332432
573	548.1467254	754.8403593
574	547.9387649	754.4732841
575	547.6987179	754.0191741
576	547.489824	753.5581715
577	547.2848162	753.1439918
578	546.9806042	752.6194454
579	546.6493618	752.0697685
580	546.1372547	751.3588058
581	545.8171363	750.8289897
582	545.3343795	750.1398388
583	544.994943	749.4897586
584	544.654217	748.909945
585	544.3475961	748.5085889
586	543.9910268	747.9271914
587	543.6844253	747.5831447
588	543.2906601	746.9300334
589	543.0368424	746.5164527
590	542.7884142	746.0798999
591	542.4841759	745.5583824
592	542.2782137	745.1971004
593	541.8225672	744.598471
594	541.58184	744.2054705
595	541.1785025	743.6780369
596	540.9301443	743.2863176
597	540.6232933	742.8654159
598	540.270745	742.3087833
599	539.9455525	741.7347465
600	539.6745792	741.2586667
601	539.3426387	740.7900172
602	539.0353458	740.2486175
603	538.569537	739.6223211
604	538.3101502	739.2555509
605	537.9789055	738.7197814
606	537.6949533	738.2608817
607	537.412941	737.742628
608	537.1380154	737.2926317
609	536.9103341	736.9430401
610	536.55609	736.4978205
611	536.2919002	736.0446598
612	535.938909	735.4400108
613	535.6510259	734.9722029
614	535.3299351	734.4632395
615	535.16397	734.1977623
616	535.0125796	733.9493711
617	534.7143525	733.4784059
618	534.4095377	733.086368
619	534.1350928	732.6344422
620	533.9219818	732.279992
621	533.655642	731.9110566
622	533.3572765	731.3967085
623	532.9440601	730.8174966
624	532.418152	730.2162851
625	532.1628113	729.9111217
626	531.8761458	729.4817355
627	531.6917429	729.1501509
628	531.446834	728.7607419
629	530.9621937	728.0624569
630	530.6989121	727.6061991
631	530.3685525	727.0309875
632	530.132402	726.5596307
633	529.9948238	726.2122745
634	529.5703132	725.6623922
635	529.3769607	725.2894491
636	529.1528369	724.8546005
637	529.0025685	724.6146565
638	528.8780566	724.4008536
639	528.6378931	723.9596938
640	528.2991097	723.4415607
641	527.9670214	722.8637209
642	527.7391937	722.4965595
643	527.4001912	721.9997646
644	526.9335815	721.3966284
645	526.697975	720.9614983
646	526.3041544	720.51027
647	526.0774846	720.2223155
648	525.830839	719.8113355
649	525.648548	719.5022785
650	525.3043241	719.1161183
651	524.9910146	718.6935058
652	524.6292773	718.1724826
653	524.4067983	717.7666713
654	524.0251745	717.3414738
655	523.7503025	716.9774885
656	523.4100897	716.4916426
657	523.2704455	716.2379952
658	523.1045146	715.9333493
659	522.906214	715.5584006
660	522.7295444	715.2425667
661	522.2623393	714.668615
662	521.8474445	714.1743795
663	521.5066895	713.6389673
664	521.2685889	713.2235867
665	520.9634944	712.7319408
666	520.690534	712.307661
667	520.4032667	711.8756079
668	520.2341937	711.6146148
669	519.9635661	711.1778468
670	519.7090484	710.7214838
671	519.3498928	710.2864867
672	519.0461382	709.8169857
673	518.7269975	709.3226955
674	518.3866813	708.8363638
675	518.0812062	708.4025158
676	517.7499123	707.9063438
677	517.4491625	707.4757576
678	517.0149196	706.9066373
679	516.6416691	706.4319542
680	516.4235872	706.072846
681	516.1515689	705.6163777
682	515.9960346	705.2922921
683	515.7214273	704.8544066
684	515.4635987	704.4406517
685	515.1769632	704.0149746
686	514.8543818	703.5618577
687	514.5848148	703.1342441
688	514.1844575	702.6149627
689	513.8877808	702.1667705
690	513.5834491	701.6960212
691	513.3446101	701.3299277
692	513.1038894	700.974083
693	512.8250967	700.5282744
694	512.6677317	700.2469302
695	512.4487255	699.9071089
696	512.2791232	699.6512406
697	511.9361828	699.2380393
698	511.6854666	698.8213197
699	511.350979	698.4163683
700	510.9325913	697.8989037
701	510.5829521	697.480402
702	510.3847572	697.1774179
703	510.2302934	696.8432467
704	509.9037495	696.3834342
705	509.4824392	695.8680287
706	509.0894423	695.3073637
707	508.8054342	694.8522442
708	508.5374351	694.4436731
709	508.0991278	693.9428429
710	507.8803054	693.5662161
711	507.7560073	693.2691891
712	507.5426586	692.9431639
713	507.3001196	692.6225485
714	506.974794	692.1549576
715	506.7242019	691.8414946
716	506.4916435	691.4690702
717	506.2118509	691.0510694
718	505.884502	690.5857405
719	505.552475	690.1958079
720	505.1883873	689.7970174
721	504.9128423	689.3599062
722	504.697141	689.0385851
723	504.3998789	688.7160741
724	504.1084685	688.2802223
725	503.7607305	687.7656283
726	503.4846515	687.3270502
727	503.1601827	686.9379864
728	502.8459818	686.484983
729	502.5802645	686.1039353
730	502.3216105	685.7289017
731	501.9727079	685.3051436
732	501.8554787	685.0905306
733	501.5316212	684.6247035
734	501.3012546	684.289464
735	501.1017022	683.9409271
736	500.90687	683.6298762
737	500.6399945	683.3207281
738	500.3753095	682.9663252
739	500.0927436	682.649068
740	499.8334623	682.2795262
741	499.551199	681.8080277
742	499.3403714	681.4686829
743	499.1907495	681.1991427
744	498.9526084	680.8207431
745	498.7347887	680.4954203
746	498.3743	680.0432681
747	498.1965783	679.7663319
748	497.9147214	679.4056432
749	497.6745804	679.0273462
750	497.4118608	678.662176
751	497.2285151	678.3817385
752	497.0422759	678.0984691
753	496.7942271	677.7677591
754	496.507794	677.3774988
755	496.1539551	676.8730686
756	495.9918826	676.6226994
757	495.8256467	676.3520805
758	495.5056286	675.9453044
759	495.3194445	675.6792406
760	495.0690433	675.2818549
761	494.8266754	674.9238216
762	494.5444768	674.5166304
763	494.3184304	674.205526
764	494.051857	673.8097699
765	493.9112352	673.5671617
766	493.602461	673.1766259
767	493.4777963	672.987948
768	493.2065592	672.6949407
769	492.9372681	672.2991707
770	492.6913445	671.9284068
771	492.4728196	671.5763913
772	492.1733039	671.1694211
773	492.0347753	670.8915235
774	491.9078122	670.6875043
775	491.7102105	670.4041258
776	491.448621	669.9908043
777	491.2305193	669.6778624
778	490.9343817	669.3030309
779	490.698465	668.9204021
780	490.5192759	668.6588873
781	490.3109539	668.3993385
782	490.0247486	668.0107772
783	489.8719114	667.7863024
784	489.5671221	667.3507849
785	489.3848585	667.140422
786	489.1371262	666.7692489
787	488.9145915	666.4221415
788	488.6524885	666.060995
789	488.445039	665.8147501
790	488.2058365	665.3503016
791	487.9349335	664.9560471
792	487.6305752	664.5521508
793	487.4147976	664.2028898
794	487.246364	663.8694596
795	486.9047305	663.4528758
796	486.7019539	663.1181454
797	486.3712653	662.7270715
798	486.1298124	662.4519563
799	485.952054	662.2480609
800	485.7942614	661.9864248
801	485.6068797	661.6986193
802	485.3423388	661.3702562
803	485.1781006	661.1136257
804	484.9974396	660.8410575
805	484.8235551	660.5973737
806	484.5700108	660.2283612
807	484.3547281	659.8989443
808	484.0661253	659.579654
809	483.863977	659.253446
810	483.6125845	658.8937849
811	483.5050479	658.6828651
812	483.2036805	658.3279862
813	482.9576828	657.9505207
814	482.7074999	657.6334676
815	482.4372978	657.2447678
816	482.1662489	656.8777458
817	482.1050304	656.74904
818	481.9350011	656.454477
819	481.768765	656.1889849
820	481.6244844	655.9508833
821	481.4429949	655.6601271
822	481.2445957	655.3747043
823	481.0592988	655.0980872
824	480.7682628	654.7123579
825	480.5185415	654.3417267
826	480.2761867	653.9791998
827	480.1014097	653.6609636
828	479.9093084	653.404598
829	479.6843557	653.0539962
830	479.437033	652.7205667
831	479.2653248	652.4646856
832	479.0309697	652.0823052
833	478.7192142	651.711257
834	478.5186433	651.4137135
835	478.3109797	651.119008
836	478.116704	650.8551255
837	477.861208	650.4971681
838	477.6030552	650.1449028
839	477.4031036	649.898869
840	477.2380969	649.6850934
841	476.9649963	649.2997284
842	476.7365266	648.9652183
843	476.6205684	648.7931905
844	476.4361908	648.5041401
845	476.2667612	648.2227499
846	476.0706142	647.8638103
847	475.766421	647.5026593
848	475.5583808	647.1611115
849	475.3477743	646.8446004
850	475.1567333	646.5827256
851	474.9578382	646.2837849
852	474.7209292	645.980848
853	474.4994934	645.6609574
854	474.2904163	645.3533816
855	474.0632668	645.0009027
856	473.867655	644.677845
857	473.6752451	644.3926014
858	473.4755883	644.1457851
859	473.2377919	643.8004174
860	473.0251922	643.4978229
861	472.8038819	643.2337493
862	472.7311514	643.09693
863	472.4201372	642.6895856
864	472.2368897	642.3984861
865	472.0009998	642.0533455
866	471.8436596	641.8446111
867	471.6254322	641.579045
868	471.5676533	641.4660958
869	471.315295	641.0938246
870	471.1793178	640.9240118
871	471.0551043	640.7216445
872	470.8789009	640.4988437
873	470.6805332	640.2442639
874	470.4844406	639.9967322
875	470.173488	639.6197136
876	469.9706746	639.3532142
877	469.7320392	639.0416113
878	469.5750249	638.8106766
879	469.3121576	638.4016127
880	469.0501947	638.0366244
881	468.8111001	637.7414675
882	468.6626786	637.5003997
883	468.4409499	637.1317246
884	468.2128555	636.9010167
885	467.9581938	636.5030587
886	467.7895727	636.2164695
887	467.5522688	635.8908079
888	467.3231373	635.5693717
889	467.0909282	635.2774141
890	466.7858044	634.8878881
891	466.7188998	634.7759347
892	466.5122894	634.5085366
893	466.2871703	634.1708387
894	466.082344	633.8954699
895	465.801833	633.5151215
896	465.625206	633.2995018
897	465.3842997	632.9970629
898	465.1585063	632.709554
899	464.9049253	632.35346
900	464.6805848	632.0427194
901	464.4927514	631.7556077
902	464.3594693	631.5475533
903	464.1661984	631.2360816
904	464.0568277	631.0366497
905	463.9178931	630.7866262
906	463.7625043	630.5569227
907	463.5534427	630.2515124
908	463.3576674	629.953617
909	463.1452863	629.7158804
910	463.0162169	629.4787555
911	462.8261964	629.2038648
912	462.7280361	629.0474474
913	462.543631	628.7497131
914	462.3112233	628.423549
915	462.1651305	628.2118026
916	461.9548018	627.9454954
917	461.765163	627.6508269
918	461.6212472	627.4240676
919	461.4497058	627.1546475
920	461.223249	626.8436561
921	461.0096538	626.5216144
922	460.8828439	626.3242506
923	460.7092754	626.0725332
924	460.5174767	625.7629806
925	460.2922918	625.4297013
926	460.0235553	625.0362319
927	459.8688675	624.796357
928	459.7050449	624.5491689
929	459.5322195	624.298565
930	459.3520936	624.0163818
931	459.2350741	623.8080173
932	459.1303501	623.6208784
933	458.9931652	623.4055674
934	458.7987163	623.142066
935	458.6077121	622.8805602
936	458.4118724	622.6346189
937	458.2197234	622.3325603
938	458.0118549	622.0682728
939	457.9594216	621.9663196
940	457.7018758	621.6782976
941	457.467614	621.3489113
942	457.3053564	621.1115113
943	457.0483631	620.7941947
944	456.8812352	620.5774781
945	456.7924385	620.4289519
946	456.7022704	620.2257769
947	456.5372907	619.9541148
948	456.3832189	619.7379352
949	456.1003213	619.3733494
950	455.9009794	619.0680753
951	455.7261925	618.8188487
952	455.5238811	618.4950785
953	455.3074268	618.1766196
954	455.0753749	617.8701867
955	454.9031579	617.6204716
956	454.705437	617.3265633
957	454.5551562	617.0386295
958	454.3458734	616.7791812
959	454.1958604	616.5552525
960	454.0625112	616.3499803
961	453.8892482	616.1142764
962	453.7504512	615.8867431
963	453.6539817	615.7149695
964	453.3859095	615.366869
965	453.2413175	615.1321763
966	453.0467553	614.8676507
967	452.9064757	614.6618144
968	452.6934019	614.3845667
969	452.5401125	614.1404506
970	452.3759174	613.90108
971	452.2215326	613.6868283
972	451.9472393	613.3389207
973	451.7582683	613.0437455
974	451.5637172	612.7724148
975	451.3272656	612.4694215
976	451.1073028	612.1489607
977	450.9706126	611.9604066
978	450.7307926	611.665423
979	450.5931376	611.4753234
980	450.4022822	611.1447473
981	450.1597953	610.7946273
982	449.9740295	610.4987761
983	449.7265156	610.182556
984	449.5706596	609.9587938
985	449.4276979	609.7571553
986	449.2504844	609.4557937
987	449.0400469	609.2146753
988	448.8387835	608.8717041
989	448.6253637	608.615548
990	448.3699658	608.2505641
991	448.2680566	608.0718736
992	448.0933256	607.7547415
993	447.9131532	607.4670445
994	447.7872881	607.2682683
995	447.5686054	606.9911038
996	447.4139275	606.7556326
997	447.2332929	606.4906256
998	447.072473	606.2889133
999	446.9626591	606.1320986
1000	446.8081164	605.9380926
1001	446.6171337	605.6905602
1002	446.4618335	605.4860642
1003	446.2934495	605.2348669
1004	446.1259997	604.9979179
1005	445.9188484	604.7177352
1006	445.7234631	604.4309494
1007	445.4956044	604.1404417
1008	445.3256748	603.9199558
1009	445.1720697	603.6501178
1010	445.0258763	603.4624879
1011	444.8204833	603.1101945
1012	444.6295388	602.8295878
1013	444.4453348	602.575126
1014	444.3019236	602.3404679
1015	444.0749542	602.0532308
1016	443.8302748	601.7305994
1017	443.7433027	601.56175
1018	443.6324658	601.3642878
1019	443.5372627	601.2174419
1020	443.3492581	600.9862373
1021	443.2178993	600.8004784
1022	442.9979107	600.4675192
1023	442.8502312	600.2553957
1024	442.7293969	600.0808541
1025	442.5530622	599.7780083
1026	442.3544497	599.4711988
1027	442.1820435	599.2471848
1028	442.0464497	599.0364495
1029	441.8618494	598.759959
1030	441.6686627	598.4993427
1031	441.388072	598.1832235
1032	441.2073309	597.9190838
1033	441.0971382	597.7521474
1034	441.0445852	597.6540918
1035	440.8465427	597.418357
1036	440.7495798	597.2836528
1037	440.5953691	597.0643473
1038	440.3610381	596.7612826
1039	440.0809303	596.4478097
1040	440.0066051	596.3126605
1041	439.8146308	595.9918952
1042	439.5629745	595.6695847
1043	439.3128153	595.3424854
1044	439.1983449	595.1777704
1045	439.0770224	595.0201779
1046	438.9217532	594.8065167
1047	438.7528695	594.5844313
1048	438.5748653	594.3177385
1049	438.42802	594.0908558
1050	438.176383	593.8010949
1051	437.9488543	593.4844885
1052	437.7181083	593.1592451
1053	437.5252813	592.8640377
1054	437.3376545	592.5706841
1055	437.188617	592.3430747
1056	437.0666344	592.1506312
1057	436.843782	591.8468645
1058	436.6315084	591.5423943
1059	436.4216378	591.2702667
1060	436.2750777	591.0898541
1061	436.0667505	590.7669888
1062	435.8695099	590.4641287
1063	435.6517468	590.1580513
1064	435.4606541	589.8876007
1065	435.2695508	589.6513943
1066	435.0625921	589.4117987
1067	434.8467037	589.1338959
1068	434.6636658	588.894968
1069	434.4774061	588.6495715
1070	434.2717517	588.3811058
1071	434.1394591	588.148729
1072	433.9304272	587.8796489
1073	433.824749	587.6943146
1074	433.669795	587.4816371
1075	433.5559077	587.2751241
1076	433.4082178	587.0171149
1077	433.1677859	586.7306017
1078	432.9507404	586.4457463
1079	432.7291513	586.1534518
1080	432.5659142	585.9073012
1081	432.4613523	585.7364519
1082	432.3257036	585.4976616
1083	432.1901544	585.3065183
1084	432.1003798	585.1663601
1085	431.9716627	584.9737136
1086	431.8306666	584.7723165
1087	431.6991219	584.5638907
1088	431.5871131	584.4122927
1089	431.5234528	584.26308
1090	431.3023782	583.9794573
1091	431.2315779	583.8422827
1092	430.9731411	583.5582158
1093	430.7814975	583.2905037
1094	430.7106386	583.165965
1095	430.6208942	583.0173018
1096	430.4942046	582.8398641
1097	430.3632859	582.6529401
1098	430.2425441	582.4759217
1099	430.0930772	582.2982912
1100	429.9094896	582.0305172
1101	429.7277487	581.7559114
1102	429.5267012	581.4673295
1103	429.4152807	581.3081009
1104	429.2794012	581.1300594
1105	429.1410032	580.8942304
1106	428.92483	580.6309574
1107	428.8287243	580.4611489
1108	428.6656045	580.2548478
1109	428.5364164	580.0720448
1110	428.345083	579.7823304
1111	428.1654882	579.5674507
1112	428.0405393	579.3763654
1113	427.9175517	579.1985036
1114	427.7686976	578.9823482
1115	427.6779432	578.8184116
1116	427.4725081	578.5156054
1117	427.3952785	578.4041792
1118	427.2872251	578.2628829
1119	427.0582416	577.9497798
1120	426.8926203	577.6904739
1121	426.7665401	577.5240196
1122	426.5928657	577.2767024
1123	426.4549212	577.0940299
1124	426.3588921	576.9290269
1125	426.2323156	576.7406407
1126	426.1241011	576.5711835
1127	425.9633063	576.3003788
1128	425.8439908	576.1235785
1129	425.7250715	575.93965
1130	425.6192402	575.7783051
1131	425.477356	575.595405
1132	425.3417892	575.4115641
1133	425.1786903	575.1992185
1134	425.0308822	575.0020524
1135	424.9330214	574.8589019
1136	424.8132523	574.6891397
1137	424.7224446	574.5454293
1138	424.5515995	574.28687
1139	424.455582	574.1225051
1140	424.3634872	573.9878218
1141	424.2168255	573.7542308
1142	424.0563228	573.5406485
1143	423.9359068	573.3793361
1144	423.7667955	573.1585168
1145	423.6883095	573.0239347
1146	423.5707079	572.8243187
1147	423.4861791	572.6949548
1148	423.3219789	572.4848791
1149	423.2073503	572.3219142
1150	423.1162035	572.1698283
1151	422.8923418	571.9104049
1152	422.7759629	571.7452247
1153	422.6877579	571.5964948
1154	422.575883	571.4282483
1155	422.4348684	571.2510264
1156	422.314662	571.0945868
1157	422.1037013	570.8261355
1158	422.0050392	570.6818786
1159	421.8797897	570.5107519
1160	421.7680079	570.3611693
1161	421.6181594	570.1220041
1162	421.4594094	569.8550635
1163	421.3276664	569.6687506
1164	421.1966685	569.4372118
1165	421.0964664	569.2898798
1166	420.855765	568.9993816
1167	420.7666326	568.8464879
1168	420.6697387	568.7049272
1169	420.5356514	568.526411
1170	420.4230453	568.3740581
1171	420.291971	568.171083
1172	420.116568	567.9367416
1173	419.9674045	567.737284
1174	419.8025481	567.5140476
1175	419.7029285	567.3511909
1176	419.5679689	567.1779276
1177	419.4683181	567.0280778
1178	419.3180328	566.8295247
1179	419.1946268	566.6544324
1180	419.0676476	566.4529922
1181	418.9600288	566.275253
1182	418.8571916	566.0879328
1183	418.6560768	565.8303847
1184	418.4265798	565.4586691
1185	418.2457857	565.1703571
1186	418.0561268	564.8723262
1187	417.9707234	564.7585916
1188	417.8652862	564.6171432
1189	417.7442671	564.4210864
1190	417.6189273	564.1963644
1191	417.477298	563.9875031
1192	417.3710476	563.8393219
1193	417.2358536	563.6397156
1194	417.1658465	563.5384723
1195	416.981458	563.2667624
1196	416.8628233	563.0937733
1197	416.7377286	562.8641984
1198	416.6067843	562.6492085
1199	416.4330341	562.4160045
1200	416.3419356	562.2520941
1201	416.1887141	562.052911
1202	416.0581091	561.8969934
1203	415.8831578	561.6395348
1204	415.7464634	561.4590487
1205	415.6439278	561.3092858
1206	415.5191034	561.1558316
1207	415.3948376	560.9605749
1208	415.1796037	560.721051
1209	415.0693011	560.5327294
1210	414.9914185	560.4082344
1211	414.8948817	560.2432309
1212	414.7301865	560.0285267
1213	414.5833275	559.8262735
1214	414.4331406	559.6304903
1215	414.2926641	559.4438496
1216	414.1953314	559.2722189
1217	414.0392688	559.0836573
1218	413.8988574	558.8643036
1219	413.7531639	558.5998772
1220	413.6018405	558.3772327
1221	413.4892501	558.2150339
1222	413.3231218	557.9466871
1223	413.2273458	557.7892803
1224	413.0647501	557.5340106
1225	412.9565627	557.3994659
1226	412.8221729	557.2318665
1227	412.7050348	557.0656786
1228	412.5630848	556.8808485
1229	412.4788689	556.7608611
1230	412.3461505	556.5372757
1231	412.2071116	556.3517784
1232	412.0419453	556.0989671
1233	411.9548786	555.9432489
1234	411.8008127	555.68658
1235	411.5947419	555.4567166
1236	411.4298593	555.2149545
1237	411.3346443	555.0792212
1238	411.2087498	554.8878997
1239	411.1150852	554.7598324
1240	410.9745245	554.557893
1241	410.8568993	554.3938549
1242	410.6754147	554.1571901
1243	410.5110957	553.9340537
1244	410.3797364	553.7436279
1245	410.2646769	553.55341
1246	410.068896	553.299391
1247	409.9263943	553.0375449
1248	409.7892263	552.8214953
1249	409.6538639	552.5861707
1250	409.5103218	552.3987852
1251	409.3247981	552.1139248
1252	409.1828315	551.936165
1253	409.0207174	551.6587459
1254	408.8964032	551.4905462
1255	408.7590427	551.2496488
1256	408.6891704	551.1413807
1257	408.5784257	550.9878693
1258	408.4420547	550.8105363
1259	408.3526204	550.6720823
1260	408.2239368	550.5040593
1261	408.110024	550.3623569
1262	407.9520675	550.1526446
1263	407.8050686	549.9469976
1264	407.611741	549.7251441
1265	407.4599749	549.5214201
1266	407.378986	549.3879715
1267	407.2332163	549.2042497
1268	407.1598791	549.090826
1269	406.9732872	548.8557896
1270	406.7875076	548.6420988
1271	406.706028	548.5076025
1272	406.5538937	548.2803841
1273	406.4434856	548.1094196
1274	406.3313137	547.9319794
1275	406.2681994	547.7984196
1276	406.1853373	547.6841975
1277	406.0399321	547.4633044
1278	405.9149839	547.2805783
1279	405.7806946	547.1080356
1280	405.688927	546.9911529
1281	405.5694311	546.8382602
1282	405.4358448	546.6414163
1283	405.2562925	546.4160746
1284	405.0904947	546.157818
1285	404.9434111	545.9512551
1286	404.8551779	545.8012236
1287	404.7372528	545.6523595
1288	404.649819	545.5133923
1289	404.553001	545.378267
1290	404.4145052	545.1590788
1291	404.2984068	544.9848121
1292	404.1988096	544.8447441
1293	404.0782855	544.6549526
1294	403.9912552	544.5158391
1295	403.815959	544.2628332
1296	403.7457939	544.1519385
1297	403.6382686	544.0014646
1298	403.4978993	543.7886851
1299	403.375501	543.6202635
1300	403.2659737	543.4723557
1301	403.0792598	543.2620908
1302	402.9195162	543.0421355
1303	402.8090042	542.8948624
1304	402.7020799	542.696394
1305	402.582082	542.5142038
1306	402.4177976	542.3289476
1307	402.2844219	542.1250985
1308	402.1815635	541.9721674
1309	402.0829027	541.8078228
1310	402.0013182	541.6932971
1311	401.8355167	541.4790956
1312	401.6642034	541.2475039
1313	401.5247314	541.0653882
1314	401.4163651	540.9293567
1315	401.279208	540.7512805
1316	401.1732709	540.615083
1317	401.0046322	540.4151591
1318	400.7902627	540.1363399
1319	400.6434355	539.9266583
1320	400.550106	539.7878539
1321	400.4002176	539.584981
1322	400.2652554	539.4145855
1323	400.1814653	539.2703492
1324	400.0392536	539.0221165
1325	399.9241727	538.8453183
1326	399.8708983	538.7431674
1327	399.7406451	538.5744243
1328	399.6619984	538.4727536
1329	399.5781393	538.337213
1330	399.4489232	538.1778168
1331	399.3296512	538.0192226
1332	399.2641174	537.923385
1333	399.1620076	537.7916079
1334	399.046321	537.637838
1335	398.9340889	537.4877977
1336	398.8543572	537.3565246
1337	398.7073923	537.1541502
1338	398.5670844	536.9454954
1339	398.4809618	536.8148045
1340	398.4144341	536.7059924
1341	398.3093282	536.5752609
1342	398.0953533	536.2594187
1343	398.0165258	536.1370856
1344	397.887585	535.959645
1345	397.722647	535.7247358
1346	397.6206841	535.5764788
1347	397.5000761	535.4057166
1348	397.3524197	535.229597
1349	397.2817879	535.1160882
1350	397.2104976	535.0154365
1351	397.1147896	534.8665046
1352	396.9521695	534.620409
1353	396.8163195	534.4595381
1354	396.7091443	534.2785687
1355	396.5270794	534.0785436
1356	396.4371446	533.9481955
1357	396.2671861	533.6848124
1358	396.1902186	533.5742796
1359	396.1276971	533.4715906
1360	395.9719348	533.2470812
1361	395.8813493	533.1011435
1362	395.7015078	532.8536182
1363	395.5940256	532.7063222
1364	395.4856789	532.5734746
1365	395.3520126	532.3967718
1366	395.2282819	532.2436538
1367	395.1453567	532.1083695
1368	395.0489485	531.9826113
1369	394.9537912	531.8547458
1370	394.8419216	531.6862184
1371	394.7194773	531.5107715
1372	394.5528472	531.3131557
1373	394.4002697	531.1314577
1374	394.2974325	530.9863985
1375	394.1860937	530.8348367
1376	394.0637527	530.6768408
1377	393.97069	530.5428002
1378	393.8494769	530.3921155
1379	393.7674998	530.2811508
1380	393.6660511	530.1344486
1381	393.5710013	530.019197
1382	393.4647256	529.8483915
1383	393.3570003	529.6989901
1384	393.263278	529.5737487
1385	393.2008326	529.4632806
1386	393.0809834	529.2958477
1387	392.8912593	529.0607144
1388	392.806438	528.918464
1389	392.6778712	528.7207383
1390	392.5755243	528.5744038
1391	392.4809743	528.4120598
1392	392.3946114	528.2911758
1393	392.2373522	528.0927211
1394	392.1804083	528.0148844
1395	392.0114569	527.8307554
1396	391.8988769	527.6852527
1397	391.7723472	527.4913685
1398	391.7026245	527.3905785
1399	391.6159362	527.2654997
1400	391.5186324	527.1125114
1401	391.3667565	526.9276555
1402	391.2592234	526.7858797
1403	391.1015165	526.5420093
1404	390.9857135	526.3673301
1405	390.8773181	526.228565
1406	390.7684349	526.0605549
1407	390.6040701	525.8350516
1408	390.5289253	525.7090237
1409	390.4490155	525.5873905
1410	390.3008366	525.3678108
1411	390.1971541	525.2168772
1412	390.0627052	525.0678178
1413	389.9524523	524.9146643
1414	389.8142721	524.7092966
1415	389.7188999	524.5879356
1416	389.6114775	524.4136458
1417	389.4990414	524.2361071
1418	389.3597035	524.0160536
1419	389.2355001	523.8572261
1420	389.1214362	523.7278549
1421	389.0437129	523.6098597
1422	388.9420514	523.4739328
1423	388.8599035	523.3504666
1424	388.7396789	523.2168778
1425	388.6015372	523.0007688
1426	388.5349845	522.9129785
1427	388.3919481	522.7069518
1428	388.3221887	522.5836553
1429	388.1922266	522.4004981
1430	388.0929444	522.2754712
1431	388.0154893	522.1661973
1432	387.9162087	522.031419
1433	387.8255708	521.8854808
1434	387.6502322	521.6417187
1435	387.5451426	521.4613301
1436	387.4595643	521.333447
1437	387.2326297	521.0437125
1438	387.1052517	520.8581096
1439	387.0187173	520.7358031
1440	386.8890937	520.561492
1441	386.7903981	520.4273336
1442	386.6802946	520.2705526
1443	386.6259733	520.1904377
1444	386.5297946	520.060035
1445	386.4426161	519.9274842
1446	386.3158412	519.7488106
1447	386.1558209	519.5547524
1448	386.0804449	519.4505768
1449	385.9415615	519.2409754
1450	385.8566543	519.0967454
1451	385.7521008	518.955226
1452	385.6220921	518.7792956
1453	385.5316609	518.6501875
1454	385.4687079	518.5685795
1455	385.3746595	518.451607
1456	385.285269	518.3240839
1457	385.1403811	518.1127319
1458	384.9988602	517.939979
1459	384.924767	517.835526
1460	384.799764	517.6784334
1461	384.6497365	517.4696137
1462	384.5848231	517.3673417
1463	384.4729391	517.2061205
1464	384.3814908	517.0633235
1465	384.2445161	516.8631415
1466	384.1677919	516.7363251
1467	384.0348774	516.553162
1468	383.9316136	516.3812014
1469	383.8257253	516.2091657
1470	383.6767716	515.9844295
1471	383.5726486	515.8477199
1472	383.4905759	515.719315
1473	383.366355	515.5327081
1474	383.2921238	515.4218692
1475	383.2018782	515.2905452
1476	383.0949906	515.1303666
1477	383.0374748	515.0455365
1478	382.9235506	514.8892402
1479	382.8076691	514.7693393
1480	382.7071489	514.6214152
1481	382.6172389	514.4886476
1482	382.482815	514.300613
1483	382.3514434	514.1046785
1484	382.2258096	513.9479883
1485	382.1485257	513.829974
1486	382.0115897	513.6652333
1487	381.8694709	513.4735623
1488	381.7764419	513.3464552
1489	381.6831588	513.2206364
1490	381.5328424	513.0054932
1491	381.3867993	512.8122392
1492	381.2711302	512.6399106
1493	381.1400697	512.4426348
1494	381.048308	512.3191989
1495	380.927246	512.1521283
1496	380.8718895	512.0694071
1497	380.8177139	511.9886837
1498	380.7317136	511.8581498
1499	380.6048531	511.6924214
1500	380.4435333	511.4533247
1501	380.3087653	511.2555719
1502	380.2155362	511.1247012
1503	380.1402091	511.0100689
1504	380.0098111	510.8192234
1505	379.8938803	510.6625041
1506	379.7935015	510.5303911
1507	379.6818356	510.3835277
1508	379.5956763	510.2650939
1509	379.4677577	510.0740891
1510	379.3752122	509.9483819
1511	379.2626734	509.8039075
1512	379.1731715	509.6966115
1513	379.0621843	509.5222966
1514	379.005012	509.4320403
1515	378.8862548	509.263433
1516	378.8022007	509.1479364
1517	378.7459396	509.0521441
1518	378.6736998	508.9418519
1519	378.5127664	508.711043
1520	378.3832758	508.542945
1521	378.3012808	508.4379039
1522	378.2306007	508.3289549
1523	378.148626	508.2161224
1524	378.0470769	508.0952537
1525	377.9621359	507.9907264
1526	377.856364	507.8518149
1527	377.7355561	507.7003883
1528	377.6694028	507.6082309
1529	377.5220141	507.3767155
1530	377.4100237	507.199078
1531	377.3277691	507.1034924
1532	377.2162534	506.9405462
1533	377.1273873	506.822467
1534	377.0082728	506.6580344
1535	376.8706431	506.4491745
1536	376.8060751	506.3340259
1537	376.7375286	506.2356582
1538	376.6379976	506.0871352
1539	376.5200067	505.9090622
1540	376.3976636	505.7422043
1541	376.2869959	505.614081
1542	376.181909	505.4546081
1543	376.1043059	505.3510748
1544	376.0160958	505.2033948
1545	375.8779413	505.0230602
1546	375.7569962	504.8579309
1547	375.6710777	504.7316758
1548	375.5702545	504.5678425
1549	375.5058352	504.4792168
1550	375.4428455	504.3748915
1551	375.3794617	504.2746623
1552	375.2205218	504.0611271
1553	375.1255795	503.9120031
1554	375.0473147	503.7659205
1555	374.8723349	503.548496
1556	374.7472477	503.3640122
1557	374.6485521	503.2254432
1558	374.5737501	503.1152235
1559	374.5014658	502.9941869
1560	374.4277181	502.8641704
1561	374.2741315	502.6469197
1562	374.1451399	502.4856559
1563	374.0762112	502.3891327
1564	373.961906	502.2316348
1565	373.8446591	502.0737048
1566	373.6762125	501.8249911
1567	373.5221312	501.6300877
1568	373.4441465	501.5124285
1569	373.2827073	501.2747001
1570	373.1913834	501.1503899
1571	373.0359789	500.9328771
1572	372.91255	500.7824587
1573	372.7979202	500.586051
1574	372.6760403	500.4273543
1575	372.5979091	500.3251431
1576	372.5216609	500.1927265
1577	372.4591521	500.1046731
1578	372.3933673	500.0125381
1579	372.2572804	499.8442839
1580	372.1565304	499.7382728
1581	372.0617015	499.612744
1582	371.9801008	499.5068097
1583	371.9096082	499.3891617
1584	371.8552448	499.3001295
1585	371.7608068	499.1548217
1586	371.6484659	499.0187003
1587	371.5750125	498.9102927
1588	371.4519215	498.7219958
1589	371.3898073	498.6408465
1590	371.2901306	498.4895709
1591	371.1853131	498.351428
1592	371.082204	498.1993699
1593	370.968246	498.0357587
1594	370.8679971	497.9006742
1595	370.7653792	497.7527291
1596	370.677796	497.6210894
1597	370.5873896	497.5003258
1598	370.5264935	497.3955857
1599	370.4792177	497.3096349
1600	370.3868483	497.1792316
1601	370.2250933	497.0051272
1602	370.1587154	496.9046182
1603	370.0586161	496.783368
1604	369.9560126	496.6560478
1605	369.7839025	496.4330957
1606	369.6536405	496.2585108
1607	369.5858721	496.1421286
1608	369.5198531	496.0407367
1609	369.4362209	495.935474
1610	369.3140503	495.7619764
1611	369.229428	495.6451203
1612	369.1518786	495.5320552
1613	369.0554481	495.405119
1614	368.9294652	495.254134
1615	368.8566	495.1425887
1616	368.8049453	495.0548381
1617	368.719554	494.9372439
1618	368.6453214	494.8359518
1619	368.5658136	494.7254379
1620	368.444791	494.5706482
1621	368.3174982	494.3904547
1622	368.1994133	494.2030457
1623	368.139741	494.1049531
1624	368.0243299	493.9552733
1625	367.9337108	493.8278847
1626	367.8398285	493.7043312
1627	367.7373071	493.5442377
1628	367.6082399	493.3485252
1629	367.4530196	493.153406
1630	367.3880021	493.0629008
1631	367.33162	492.9801609
1632	367.2380316	492.8413393
1633	367.1908942	492.7607005
1634	367.1025844	492.6492466
1635	367.066824	492.5911105
1636	366.9998661	492.499792
1637	366.8903748	492.3491508
1638	366.8184484	492.2444523
1639	366.7696056	492.1632105
1640	366.6868745	492.0263928
1641	366.5160382	491.7950758
1642	366.4696807	491.7249109
1643	366.3781081	491.6050727
1644	366.3168102	491.5059401
1645	366.1982788	491.3518339
1646	366.1366126	491.2571205
1647	366.0211081	491.0949044
1648	365.9307825	490.9596068
1649	365.8386779	490.8221237
1650	365.7363572	490.6908998
1651	365.6998157	490.632409
1652	365.6463398	490.557458
1653	365.5911606	490.4854209
1654	365.4976294	490.3636978
1655	365.4466184	490.2872384
1656	365.3162134	490.1290736
1657	365.2013599	489.9834345
1658	365.1125599	489.8504822
1659	364.9869254	489.6672672
1660	364.8744577	489.5224602
1661	364.7836222	489.4156175
1662	364.7252791	489.3190609
1663	364.5527499	489.0979066
1664	364.502473	489.0175745
1665	364.4086762	488.8817332
1666	364.2936394	488.7280479
1667	364.1883605	488.5931987
1668	364.0754364	488.4433537
1669	363.9822183	488.3083728
1670	363.9118583	488.213221
1671	363.8449219	488.0968153
1672	363.7397657	487.9627756
1673	363.6196459	487.7802981
1674	363.5457072	487.6676045
1675	363.4104854	487.4750446
1676	363.3791981	487.4235959
1677	363.3353646	487.3560601
1678	363.1983427	487.147796
1679	363.1410422	487.0383744
1680	363.0379475	486.9043413
1681	362.8988903	486.7427319
1682	362.8268059	486.6365245
1683	362.7621092	486.5379396
1684	362.7003059	486.4417993
1685	362.6313905	486.3490171
1686	362.5575084	486.2479932
1687	362.4080552	486.0507759
1688	362.3060414	485.8927232
1689	362.2162926	485.750827
1690	362.0929591	485.5903805
1691	361.9972619	485.4546817
1692	361.8904811	485.3260626
1693	361.7900396	485.1894962
1694	361.6842807	485.0253238
1695	361.5719096	484.8676183
1696	361.4843829	484.7612637
1697	361.3738958	484.6325408
1698	361.2712192	484.490225
1699	361.1958881	484.3878821
1700	361.1117202	484.259882
1701	361.0307495	484.1450241
1702	360.9227061	483.9721733
1703	360.8316774	483.8448012
1704	360.7620813	483.7491803
1705	360.6591918	483.6217048
1706	360.5778051	483.516036
1707	360.4536991	483.3488998
1708	360.4019829	483.2576698
1709	360.2827562	483.0846386
1710	360.1927608	482.9545125
1711	360.0907831	482.8139032
1712	360.0333914	482.7407209
1713	359.9755482	482.6633077
1714	359.848185	482.4930376
1715	359.7374183	482.3514339
1716	359.6169929	482.2072693
1717	359.5138909	482.0688015
1718	359.4239063	481.9469805
1719	359.2983304	481.7607649
1720	359.2045073	481.6158803
1721	359.0807855	481.4170287
1722	358.9820094	481.281872
1723	358.8708844	481.141156
1724	358.7605596	480.9769449
1725	358.707426	480.8898781
1726	358.6267557	480.7999056
1727	358.5386016	480.6692356
1728	358.4091242	480.4954526
1729	358.3266509	480.3880986
1730	358.2110628	480.2533524
1731	358.1160646	480.1146133
1732	358.0286121	479.9995908
1733	357.9075374	479.8221774
1734	357.8618865	479.7607893
1735	357.7537595	479.6059261
1736	357.6477731	479.4388565
1737	357.5472049	479.2888871
1738	357.4670023	479.1720725
1739	357.41947	479.0994385
1740	357.3187659	478.9657718
1741	357.1932446	478.786177
1742	357.1276903	478.6873055
1743	357.0507327	478.601321
1744	356.940847	478.465179
1745	356.8794979	478.3809037
1746	356.8034416	478.2544745
1747	356.7449675	478.1770178
1748	356.6333766	478.0198484
1749	356.584188	477.9437877
1750	356.4581549	477.7793234
1751	356.3787311	477.6517656
1752	356.3074794	477.5466829
1753	356.1903112	477.3846114
1754	356.1428837	477.3146118
1755	356.0704207	477.2036694
1756	355.9881714	477.0888967
1757	355.9101769	476.9750984
1758	355.8116833	476.8424923
1759	355.6888313	476.6822593
1760	355.5779464	476.5249527
1761	355.495333	476.4278997
1762	355.415771	476.3124344
1763	355.354013	476.2282501
1764	355.2250365	476.0500671
1765	355.1496702	475.9501787
1766	355.0528117	475.8037165
1767	354.9549873	475.6504117
1768	354.8637939	475.5145981
1769	354.7797142	475.385531
1770	354.7124691	475.2921179
1771	354.6236147	475.180372
1772	354.567508	475.1039246
1773	354.5140741	475.0031031
1774	354.3659553	474.8140561
1775	354.2467189	474.6579182
1776	354.133567	474.4910076
1777	354.0757378	474.4074429
1778	353.9580712	474.2573611
1779	353.8691169	474.1265843
1780	353.8366821	474.0699292
1781	353.704195	473.898856
1782	353.6054273	473.7709782
1783	353.5186408	473.6764815
1784	353.4430223	473.5737346
1785	353.3670526	473.4702911
1786	353.2843135	473.3564449
1787	353.1901275	473.2462544
1788	353.0917154	473.1225734
1789	353.0262121	473.0235176
1790	352.9325505	472.8970057
1791	352.851978	472.7805404
1792	352.7748361	472.660747
1793	352.687474	472.5327548
1794	352.6101064	472.4253709
1795	352.4969042	472.2848721
1796	352.4082191	472.1389151
1797	352.3244938	472.0134361
1798	352.2466031	471.9197304
1799	352.1924798	471.8505702
1800	352.0904475	471.7218201
1801	352.0188736	471.6263344
1802	351.9566532	471.5402422
1803	351.8776149	471.4371469
1804	351.8001685	471.3378221
1805	351.7225388	471.2273786
1806	351.6074829	471.07089
1807	351.5495814	470.9906808
1808	351.4818672	470.8894131
1809	351.3582075	470.7249318
1810	351.2621898	470.6015183
1811	351.1584939	470.4750249
1812	351.0429423	470.3184896
1813	350.9524829	470.1939293
1814	350.8561138	470.0598024
1815	350.7515746	469.913502
1816	350.6578419	469.7846812
1817	350.5955216	469.6954164
1818	350.5158086	469.5754331
1819	350.4451777	469.4744911
1820	350.3845173	469.3871471
1821	350.2923421	469.2695615
1822	350.2133655	469.1534938
1823	350.104043	468.9973782
1824	350.0297519	468.883256
1825	349.9406336	468.7657794
1826	349.8687959	468.6601495
1827	349.7706001	468.5233673
1828	349.6797912	468.4110148
1829	349.6198517	468.3131269
1830	349.4785532	468.1247792
1831	349.400255	468.0146484
1832	349.3174838	467.8910251
1833	349.2650445	467.8097077
1834	349.1638602	467.6735879
1835	349.113052	467.5923283
1836	349.0430421	467.4866185
1837	348.9683189	467.3785579
1838	348.8707576	467.2484439
1839	348.7822496	467.1257489
1840	348.6632374	466.9606884
1841	348.547856	466.7988262
1842	348.5098997	466.745873
1843	348.4002918	466.6118108
1844	348.3043657	466.4836125
1845	348.199422	466.3434539
1846	348.0721855	466.19186
1847	348.0231005	466.1095633
1848	347.903126	465.9231432
1849	347.8480248	465.8529397
1850	347.7827372	465.7668601
1851	347.724393	465.6873704
1852	347.6315063	465.5590497
1853	347.5506687	465.4673121
1854	347.4865017	465.3667272
1855	347.4300074	465.2781694
1856	347.3294753	465.1234754
1857	347.2520679	465.0162555
1858	347.205194	464.9518656
1859	347.1576794	464.8763292
1860	347.0877601	464.7768766
1861	346.9994758	464.6648861
1862	346.9003445	464.5450189
1863	346.8115006	464.4207897
1864	346.7370935	464.3218355
1865	346.6628158	464.2167968
1866	346.5982089	464.1300439
1867	346.5165271	464.0084636
1868	346.4145446	463.8866311
1869	346.3100636	463.7522744
1870	346.2334368	463.6340021
1871	346.1866717	463.5447848
1872	346.114233	463.4311896
1873	346.0349995	463.3140502
1874	345.9688803	463.2072111
1875	345.8962591	463.1107854
1876	345.8372294	463.0282935
1877	345.792943	462.9642942
1878	345.719747	462.8644119
1879	345.6556655	462.7678007
1880	345.5810578	462.6585574
1881	345.4902839	462.5458901
1882	345.4463053	462.4795349
1883	345.3976189	462.4149191
1884	345.3372195	462.3212658
1885	345.2294648	462.1864246
1886	345.1664842	462.0924724
1887	345.0628104	461.9599477
1888	344.9575251	461.8288442
1889	344.9030306	461.7396721
1890	344.8408783	461.6458997
1891	344.7698743	461.5533017
1892	344.6666657	461.4230746
1893	344.5909121	461.3266018
1894	344.5159706	461.2293565
1895	344.3949427	461.08707
1896	344.3385457	461.0208724
1897	344.24523	460.8848957
1898	344.1616097	460.7498099
1899	344.1204708	460.6949598
1900	344.0407593	460.5663613
1901	343.9367461	460.4226481
1902	343.8538701	460.3171005
1903	343.7548631	460.1899362
1904	343.6858175	460.0896889
1905	343.6059061	459.9829667
1906	343.4977163	459.8165595
1907	343.4323007	459.7295339
1908	343.3759136	459.6398583
1909	343.3270944	459.5583452
1910	343.2274257	459.419489
1911	343.1618189	459.3243927
1912	343.0833108	459.2233723
1913	343.0372882	459.1483114
1914	342.9231289	458.9986634
1915	342.8449888	458.8874885
1916	342.7639539	458.7591993
1917	342.6201546	458.572839
1918	342.529278	458.4395407
1919	342.4009902	458.2648631
1920	342.2794715	458.1178139
1921	342.1810996	458.0131506
1922	342.0863693	457.8826913
1923	342.0162263	457.7875828
1924	341.943018	457.6953119
1925	341.8594349	457.5873646
1926	341.81983	457.5349119
1927	341.7863704	457.471807
1928	341.7111118	457.363726
1929	341.6525829	457.2802158
1930	341.550876	457.124136
1931	341.4944669	457.0431081
1932	341.3869056	456.8891119
1933	341.3294019	456.8001612
1934	341.249221	456.6804742
1935	341.1962782	456.613698
1936	341.1349537	456.5117697
1937	341.0849127	456.4374334
1938	341.0157094	456.3231812
1939	340.9451908	456.2502342
1940	340.8768358	456.1550432
1941	340.7949254	456.0476769
1942	340.6962535	455.9215713
1943	340.5985216	455.7750988
1944	340.4859901	455.603949
1945	340.3780161	455.4627684
1946	340.3030392	455.3574542
1947	340.172496	455.1860814
1948	340.1162433	455.1123575
1949	340.0582019	455.0338514
1950	339.9580688	454.9181776
1951	339.894498	454.8276932
1952	339.816143	454.69753
1953	339.7775478	454.6454677
1954	339.7007473	454.545609
1955	339.6267108	454.43875
1956	339.5977558	454.3921627
1957	339.5107268	454.281985
1958	339.4704222	454.2233535
1959	339.3959998	454.1256822
1960	339.3435772	454.0423303
1961	339.2853122	453.969067
1962	339.2268792	453.8855965
1963	339.1660739	453.7950753
1964	339.1004809	453.7006979
1965	339.0353841	453.6116097
1966	339.0004992	453.5591012
1967	338.9270205	453.4607842
1968	338.8644573	453.3744432
1969	338.7958734	453.278517
1970	338.7653591	453.2298335
1971	338.6707805	453.1178467
1972	338.5806994	452.988893
1973	338.4724448	452.8524327
1974	338.4160741	452.7787804
1975	338.3728003	452.7050953
1976	338.3088106	452.5998261
1977	338.2572288	452.5251131
1978	338.2132873	452.4531967
1979	338.1353319	452.3535126
1980	338.0728167	452.2612597
1981	338.0152484	452.1867755
1982	337.9502938	452.1032912
1983	337.8637691	451.9947291
1984	337.7716374	451.8762008
1985	337.7199125	451.8065596
1986	337.6155227	451.6603011
1987	337.5438209	451.5640935
1988	337.4649009	451.4625155
1989	337.3885852	451.3575908
1990	337.3343078	451.264322
1991	337.2764739	451.1812627
1992	337.1972558	451.0827493
1993	337.1274471	450.991274
1994	337.0209208	450.8621891
1995	336.9449975	450.7486348
1996	336.8786062	450.6581969
1997	336.8377417	450.5849996
1998	336.7825541	450.5101774
1999	336.689898	450.3669181
