datetime,temp_national,humidity_national,wind_speed_national,apparent_temp_national,precipitation_national,cloud_cover_national,temp_std,HDD,CDD,HDD_15,CDD_21,heat_index,wind_chill,is_hot,is_very_hot,is_cold,is_very_cold,temp_lag_1h,temp_lag_2h,temp_lag_3h,temp_lag_24h,temp_lag_168h,temp_rolling_24h,temp_rolling_7d,temp_std_24h,temp_change_1h,temp_change_3h,temp_change_24h,temp_shock,hour,day_of_week,day_of_year,month,is_weekend,hour_sin,hour_cos,dow_sin,dow_cos,is_raining,is_heavy_rain,is_cloudy
2024-10-25 00:00:00+03:00,5.8329906,36.985775,3.5345476,4.9306946,0.0,19.340698,4.3600187,12.167009,0.0,9.167009,0.0,5.8329906,5.8329906,0,0,0,0,,,,,,,,,,,,0,0,4,299,10,0,0.0,1.0,-0.433883739117558,-0.9009688679024191,0,0,0
2024-10-25 01:00:00+03:00,5.4644213,37.72528,3.7404213,4.468523,0.0,21.7272,4.4866323,12.535579,0.0,9.535579,0.0,5.4644213,5.4644213,0,0,0,0,5.8329906,,,,,,,,-0.36856937,,,0,1,4,299,10,0,0.25881904510252074,0.9659258262890683,-0.433883739117558,-0.9009688679024191,0,0,0
2024-10-25 02:00:00+03:00,5.5357256,37.661175,4.078837,4.5114565,0.0,26.1516,4.5271244,12.464274,0.0,9.464274,0.0,5.5357256,5.5357256,0,0,0,0,5.4644213,5.8329906,,,,,,,0.07130432,,,0,2,4,299,10,0,0.49999999999999994,0.8660254037844387,-0.433883739117558,-0.9009688679024191,0,0,0
2024-10-25 03:00:00+03:00,5.454696,39.043842,4.626341,4.4080114,0.0,24.688799,4.533314,12.545303,0.0,9.545303,0.0,5.454696,5.454696,0,0,0,0,5.5357256,5.4644213,5.8329906,,,,,,-0.081029415,-0.37829447,,0,3,4,299,10,0,0.7071067811865475,0.7071067811865476,-0.433883739117558,-0.9009688679024191,0,0,0
2024-10-25 04:00:00+03:00,5.6257663,39.384007,5.297892,4.5439262,0.01833,23.027899,4.786753,12.374233,0.0,9.374233,0.0,5.6257663,4.6827593,0,0,0,0,5.454696,5.5357256,5.4644213,,,,,,0.1710701,0.161345,,0,4,4,299,10,0,0.8660254037844386,0.5000000000000001,-0.433883739117558,-0.9009688679024191,0,0,0
2024-10-25 05:00:00+03:00,5.5660667,39.43115,5.286816,4.4823203,0.0,24.4491,4.7644815,12.433933,0.0,9.433933,0.0,5.5660667,4.6187572,0,0,0,0,5.6257663,5.454696,5.5357256,,,,,,-0.059699535,0.030341148,,0,5,4,299,10,0,0.9659258262890683,0.25881904510252074,-0.433883739117558,-0.9009688679024191,0,0,0
2024-10-25 06:00:00+03:00,5.454986,39.495884,5.3196163,4.343917,0.0,24.734098,4.7175355,12.545013,0.0,9.545013,0.0,5.454986,4.480328,0,0,0,0,5.5660667,5.6257663,5.454696,,,,,,-0.11108065,0.000289917,,0,6,4,299,10,0,1.0,6.123233995736766e-17,-0.433883739117558,-0.9009688679024191,0,0,0
2024-10-25 07:00:00+03:00,5.350176,39.89201,5.192819,4.2508965,0.0,27.2307,4.682013,12.649824,0.0,9.649824,0.0,5.350176,4.4074445,0,0,0,0,5.454986,5.5660667,5.6257663,,,,,,-0.10481024,-0.27559042,,0,7,4,299,10,0,0.9659258262890683,-0.25881904510252063,-0.433883739117558,-0.9009688679024191,0,0,0
2024-10-25 08:00:00+03:00,5.6737905,38.851112,5.1606226,4.596176,0.0,25.142801,4.0906587,12.32621,0.0,9.32621,0.0,5.6737905,4.787387,0,0,0,0,5.350176,5.454986,5.5660667,,,,,,0.3236146,0.10772371,,0,8,4,299,10,0,0.8660254037844387,-0.49999999999999983,-0.433883739117558,-0.9009688679024191,0,0,0
2024-10-25 09:00:00+03:00,6.694711,34.698437,5.470723,5.588776,0.0,23.612598,4.144278,11.305288,0.0,8.305288,0.0,6.694711,5.8419285,0,0,0,0,5.6737905,5.350176,5.454986,,,,,,1.0209208,1.2397251,,0,9,4,299,10,0,0.7071067811865476,-0.7071067811865475,-0.433883739117558,-0.9009688679024191,0,0,0
2024-10-25 10:00:00+03:00,7.6370316,30.71477,6.2901783,6.3829813,0.0,26.0979,4.4106445,10.362968,0.0,7.3629684,0.0,7.6370316,6.670697,0,0,0,0,6.694711,5.6737905,5.350176,,,,,,0.94232035,2.2868557,,0,10,4,299,10,0,0.49999999999999994,-0.8660254037844387,-0.433883739117558,-0.9009688679024191,0,0,0
2024-10-25 11:00:00+03:00,8.386202,27.58929,6.743235,7.0228744,0.020820001,26.7128,4.5471478,9.613798,0.0,6.613798,0.0,8.386202,7.4141517,0,0,0,0,7.6370316,6.694711,5.6737905,,,6.056380311648051,,0.9908686401378829,0.7491703,2.7124114,,0,11,4,299,10,0,0.258819045102521,-0.9659258262890682,-0.433883739117558,-0.9009688679024191,0,0,0
2024-10-25 12:00:00+03:00,8.960201,25.005972,6.716061,7.5989537,0.0074700005,26.487,4.6265326,9.039799,0.0,6.0397987,0.0,8.960201,8.086613,0,0,0,0,8.386202,7.6370316,6.694711,,,6.279751154092642,,1.2444401174083284,0.5739994,2.26549,,0,12,4,299,10,0,1.2246467991473532e-16,-1.0,-0.433883739117558,-0.9009688679024191,0,0,0
2024-10-25 13:00:00+03:00,9.3630705,23.506195,6.802052,8.0132,0.02331,28.5412,4.679964,8.6369295,0.0,5.6369295,0.0,9.3630705,8.532478,0,0,0,0,8.960201,8.386202,7.6370316,,,6.49998824937003,,1.4520905696105693,0.40286922,1.7260389,,0,13,4,299,10,0,-0.2588190451025208,-0.9659258262890683,-0.433883739117558,-0.9009688679024191,0,0,0
2024-10-25 14:00:00+03:00,9.4989,23.422081,6.928811,8.0886,0.00498,15.7658,4.729698,8.5011,0.0,5.5010996,0.0,9.4989,8.659515,0,0,0,0,9.3630705,8.960201,8.386202,,,6.699915726979573,,1.5992248236985533,0.13582993,1.1126986,,0,14,4,299,10,0,-0.4999999999999998,-0.8660254037844388,-0.433883739117558,-0.9009688679024191,0,0,0
2024-10-25 15:00:00+03:00,9.606122,22.843958,7.3837943,8.044555,0.00249,15.994,4.6468616,8.393878,0.0,5.393878,0.0,9.606122,8.678691,0,0,0,0,9.4989,9.3630705,8.960201,,,6.881553620100021,,1.7073066181641738,0.1072216,0.64592075,,0,15,4,299,10,0,-0.7071067811865471,-0.7071067811865479,-0.433883739117558,-0.9009688679024191,0,0,0
2024-10-25 16:00:00+03:00,9.332776,23.103474,7.794883,7.661511,0.0,24.403898,4.764102,8.667224,0.0,5.667224,0.0,9.332776,8.267622,0,0,0,0,9.606122,9.4989,9.3630705,,,7.0257431759553794,,1.756745733366813,-0.27334595,-0.030294418,,0,16,4,299,10,0,-0.8660254037844384,-0.5000000000000004,-0.433883739117558,-0.9009688679024191,0,0,0
2024-10-25 17:00:00+03:00,8.915796,23.67116,7.713687,7.2147164,0.0,21.149302,4.7139435,9.084204,0.0,6.0842037,0.0,8.915796,7.7970448,0,0,0,0,9.332776,9.606122,9.4989,,,7.130746126174927,,1.7615556081622101,-0.4169798,-0.58310413,,0,17,4,299,10,0,-0.9659258262890683,-0.25881904510252063,-0.433883739117558,-0.9009688679024191,0,0,0
2024-10-25 18:00:00+03:00,8.078376,26.084208,6.8193774,6.520263,0.0,11.4235,4.549034,9.921624,0.0,6.921624,0.0,8.078376,7.037268,0,0,0,0,8.915796,9.332776,9.606122,,,7.1806213730259945,,1.7256732582448167,-0.83742046,-1.5277462,,0,18,4,299,10,0,-1.0,-1.8369701987210297e-16,-0.433883739117558,-0.9009688679024191,0,0,0
2024-10-25 19:00:00+03:00,7.4254413,28.781384,5.7606673,6.063733,0.0,12.9107,4.432655,10.574558,0.0,7.5745587,0.0,7.4254413,6.5845904,0,0,0,0,8.078376,8.915796,9.332776,,,7.1928623676300045,,1.6805388771801322,-0.65293455,-1.9073348,,0,19,4,299,10,0,-0.9659258262890684,0.2588190451025203,-0.433883739117558,-0.9009688679024191,0,0,0
2024-10-25 20:00:00+03:00,7.0640116,30.601223,5.0903363,5.8440523,0.0,11.4364,3.8677685,10.935988,0.0,7.9359884,0.0,7.0640116,6.3925653,0,0,0,0,7.4254413,8.078376,8.915796,,,7.186726615542457,,1.6382279964508735,-0.3614297,-1.8517847,,0,20,4,299,10,0,-0.8660254037844386,0.5000000000000001,-0.433883739117558,-0.9009688679024191,0,0,0
2024-10-25 21:00:00+03:00,6.5915165,31.55636,5.212858,5.3044605,0.0,17.061098,4.1879964,11.4084835,0.0,8.4084835,0.0,6.5915165,5.8125305,0,0,0,0,7.0640116,7.4254413,8.078376,,,7.1596716100519355,,1.6037751748670332,-0.47249508,-1.4868593,,0,21,4,299,10,0,-0.7071067811865477,0.7071067811865474,-0.433883739117558,-0.9009688679024191,0,0,0
2024-10-25 22:00:00+03:00,6.566281,31.276838,4.536908,5.3730803,0.0,8.9579,4.0112166,11.43372,0.0,8.43372,0.0,6.566281,6.566281,0,0,0,0,6.5915165,7.0640116,7.4254413,,,7.133872011433477,,1.5717794548346307,-0.025235653,-0.8591604,,0,22,4,299,10,0,-0.5000000000000004,0.8660254037844384,-0.433883739117558,-0.9009688679024191,0,0,0
2024-10-25 23:00:00+03:00,6.036176,33.02591,4.0209002,4.8872824,0.0,7.0767,4.2591267,11.963823,0.0,8.963823,0.0,6.036176,6.036176,0,0,0,0,6.566281,6.5915165,7.0640116,,,7.088134686152141,,1.5534747141989007,-0.53010464,-1.0278354,,0,23,4,299,10,0,-0.25881904510252157,0.9659258262890681,-0.433883739117558,-0.9009688679024191,0,0,0
2024-10-26 00:00:00+03:00,5.5996256,34.983913,3.8493118,4.4743824,0.0,6.5176,4.4377275,12.400374,0.0,9.400374,0.0,5.5996256,5.5996256,0,0,0,0,6.036176,6.566281,6.5915165,5.8329906,,7.078411142031352,,1.5623773476296783,-0.43655062,-0.9918909,-0.23336506,0,0,5,300,10,1,0.0,1.0,-0.9749279121818236,-0.2225209339563146,0,0,0
2024-10-26 01:00:00+03:00,5.2841163,36.60798,3.8300633,4.169647,0.0,3.3372002,4.387986,12.715883,0.0,9.715883,0.0,5.2841163,5.2841163,0,0,0,0,5.5996256,6.036176,6.566281,5.4644213,,7.070898433526357,,1.5708859958176664,-0.31550932,-1.2821646,-0.180305,0,1,5,300,10,1,0.25881904510252074,0.9659258262890683,-0.9749279121818236,-0.2225209339563146,0,0,0
2024-10-26 02:00:00+03:00,4.994411,37.90957,3.7427301,3.888601,0.0,3.7363,4.427422,13.005589,0.0,10.005589,0.0,4.994411,4.994411,0,0,1,0,5.2841163,5.5996256,6.036176,5.5357256,,7.048343658447266,,1.5975462147665023,-0.28970528,-1.0417652,-0.5413146,0,2,5,300,10,1,0.49999999999999994,0.8660254037844387,-0.9749279121818236,-0.2225209339563146,0,0,0
2024-10-26 03:00:00+03:00,4.805446,38.395912,3.6671941,3.690008,0.0,1.8692999,4.4867096,13.194553,0.0,10.194553,0.0,4.805446,4.805446,0,0,1,0,4.994411,5.2841163,5.5996256,5.454696,,7.021291573842366,,1.6308553807431518,-0.18896484,-0.79417944,-0.64925003,0,3,5,300,10,1,0.7071067811865475,0.7071067811865476,-0.9749279121818236,-0.2225209339563146,0,0,0
2024-10-26 04:00:00+03:00,5.0778265,38.082066,3.5612454,4.0361476,0.0,8.0852995,4.426127,12.9221735,0.0,9.9221735,0.0,5.0778265,5.0778265,0,0,0,0,4.805446,4.994411,5.2841163,5.6257663,,6.998460749785106,,1.6548993007621853,0.27238035,-0.20628977,-0.5479398,0,4,5,300,10,1,0.8660254037844386,0.5000000000000001,-0.9749279121818236,-0.2225209339563146,0,0,0
2024-10-26 05:00:00+03:00,4.840526,38.65533,3.8005977,3.7351234,0.0,8.4957,4.6056056,13.159473,0.0,10.159473,0.0,4.840526,4.840526,0,0,1,0,5.0778265,4.805446,4.994411,5.5660667,,6.96822988986969,,1.6884892221303365,-0.2373004,-0.15388489,-0.72554064,0,5,5,300,10,1,0.9659258262890683,0.25881904510252074,-0.9749279121818236,-0.2225209339563146,0,0,0
2024-10-26 06:00:00+03:00,4.726426,39.099648,3.6693811,3.637622,0.0,12.468,4.5906324,13.273574,0.0,10.273574,0.0,4.726426,4.726426,0,0,1,0,4.840526,5.0778265,4.805446,5.454986,,6.937873224417369,,1.7230731559092258,-0.11409998,-0.07902002,-0.72856,0,6,5,300,10,1,1.0,6.123233995736766e-17,-0.9749279121818236,-0.2225209339563146,0,0,0
2024-10-26 07:00:00+03:00,4.729716,38.878574,3.500721,3.6591842,0.0,6.3807,4.41209,13.270285,0.0,10.270285,0.0,4.729716,4.729716,0,0,1,0,4.726426,4.840526,5.0778265,5.350176,,6.912020723025004,,1.752336341622684,0.0032896996,-0.34811068,-0.62046003,0,7,5,300,10,1,0.9659258262890683,-0.25881904510252063,-0.9749279121818236,-0.2225209339563146,0,0,0
2024-10-26 08:00:00+03:00,5.0105653,38.102146,3.5743573,3.941509,0.0,3.9404998,4.4568033,12.989435,0.0,9.989435,0.0,5.0105653,5.0105653,0,0,0,0,4.729716,4.726426,4.840526,5.6737905,,6.88438634077708,,1.7777574029893164,0.28084946,0.17003918,-0.6632252,0,8,5,300,10,1,0.8660254037844387,-0.49999999999999983,-0.9749279121818236,-0.2225209339563146,0,0,0
2024-10-26 09:00:00+03:00,6.356886,33.331264,3.9748507,5.2929506,0.0,1.7901,4.3585095,11.643114,0.0,8.643114,0.0,6.356886,6.356886,0,0,0,0,5.0105653,4.729716,4.726426,6.694711,,6.870310286680858,,1.7806595826157827,1.3463206,1.6304598,-0.3378253,0,9,5,300,10,1,0.7071067811865476,-0.7071067811865475,-0.9749279121818236,-0.2225209339563146,0,0,0
2024-10-26 10:00:00+03:00,7.646576,29.010105,4.4943304,6.5438294,0.0,0.4914,4.5536757,10.353424,0.0,7.353424,0.0,7.646576,7.646576,0,0,0,0,6.356886,5.0105653,4.729716,7.6370316,,6.870707968870799,,1.7808393194246466,1.28969,2.91686,0.009544373,0,10,5,300,10,1,0.49999999999999994,-0.8660254037844387,-0.9749279121818236,-0.2225209339563146,0,0,0
2024-10-26 11:00:00+03:00,8.604641,24.637611,6.1744356,7.177658,0.0,8.2686,4.6314373,9.395359,0.0,6.395359,0.0,8.604641,7.8186665,0,0,0,0,7.646576,6.356886,5.0105653,8.386202,,6.879809598128001,,1.7894589103953373,0.95806503,3.5940757,0.2184391,0,11,5,300,10,1,0.258819045102521,-0.9659258262890682,-0.9749279121818236,-0.2225209339563146,0,0,0
2024-10-26 12:00:00+03:00,9.25444,22.02879,5.9975395,7.8768377,0.0,5.4344997,4.7120786,8.74556,0.0,5.7455597,0.0,9.25444,8.61509,0,0,0,0,8.604641,7.646576,6.356886,8.960201,,6.892069558302562,,1.8052699133645425,0.64979935,2.8975544,0.29423904,0,12,5,300,10,1,1.2246467991473532e-16,-1.0,-0.9749279121818236,-0.2225209339563146,0,0,0
2024-10-26 13:00:00+03:00,9.713436,20.232632,5.9119735,8.364815,0.0,2.1714,4.7063994,8.286564,0.0,5.286564,0.0,9.713436,9.1657505,0,0,0,0,9.25444,8.604641,7.646576,9.3630705,,6.906668126583099,,1.8274017723492126,0.45899582,2.0668602,0.35036564,0,13,5,300,10,1,-0.2588190451025208,-0.9659258262890683,-0.9749279121818236,-0.2225209339563146,0,0,0
2024-10-26 14:00:00+03:00,9.995935,19.219774,6.0257416,8.550992,0.0,0.6624,4.713073,8.004065,0.0,5.0040646,0.0,9.995935,9.460108,0,0,0,0,9.713436,9.25444,8.604641,9.4989,,6.9273779193560285,,1.8605719933582692,0.2824993,1.3912945,0.49703503,0,14,5,300,10,1,-0.4999999999999998,-0.8660254037844388,-0.9749279121818236,-0.2225209339563146,0,0,0
2024-10-26 15:00:00+03:00,10.03059,19.123505,6.6132307,8.380815,0.0,0.25800002,4.71664,7.96941,0.0,4.96941,0.0,10.03059,10.03059,0,0,0,0,9.995935,9.713436,9.25444,9.606122,,6.945064087708791,,1.888943754737714,0.034654617,0.77614975,0.42446804,0,15,5,300,10,1,-0.7071067811865471,-0.7071067811865479,-0.9749279121818236,-0.2225209339563146,0,0,0
2024-10-26 16:00:00+03:00,9.756036,19.576963,7.0069356,8.038573,0.0,0.0,4.7305474,8.243964,0.0,5.243964,0.0,9.756036,8.939932,0,0,0,0,10.03059,9.995935,9.713436,9.332776,,6.962699910004933,,1.9140149543825502,-0.27455425,0.042599678,0.42325974,0,16,5,300,10,1,-0.8660254037844384,-0.5000000000000004,-0.9749279121818236,-0.2225209339563146,0,0,0
2024-10-26 17:00:00+03:00,9.193416,21.606295,7.519028,7.4591074,0.0,0.0,4.4047885,8.806584,0.0,5.8065844,0.0,9.193416,8.165936,0,0,0,0,9.756036,10.03059,9.995935,8.915796,,6.974267383416493,,1.9271258227022938,-0.56262016,-0.8025198,0.27761936,0,17,5,300,10,1,-0.9659258262890683,-0.25881904510252063,-0.9749279121818236,-0.2225209339563146,0,0,0
2024-10-26 18:00:00+03:00,8.054691,25.310652,6.4845557,6.504922,0.0,0.1833,4.553619,9.945309,0.0,6.9453087,0.0,8.054691,7.098965,0,0,0,0,9.193416,9.756036,10.03059,8.078376,,6.973280529181163,,1.9265418174019904,-1.1387243,-1.9758987,-0.023684502,0,18,5,300,10,1,-1.0,-1.8369701987210297e-16,-0.9749279121818236,-0.2225209339563146,0,0,0
2024-10-26 19:00:00+03:00,7.6681666,27.086159,5.814316,6.255587,0.0,0.1833,4.2296824,10.331833,0.0,7.3318334,0.0,7.6681666,6.8464417,0,0,0,0,8.054691,9.193416,9.756036,7.4254413,,6.983394086360931,,1.9296532709716558,-0.38652468,-2.0878692,0.24272537,0,19,5,300,10,1,-0.9659258262890684,0.2588190451025203,-0.9749279121818236,-0.2225209339563146,0,0,0
2024-10-26 20:00:00+03:00,7.1368666,28.94595,5.844841,5.737707,0.0,0.1833,4.6988997,10.863133,0.0,7.8631334,0.0,7.1368666,6.2275615,0,0,0,0,7.6681666,8.054691,9.193416,7.0640116,,6.986429711182912,,1.9298429044571244,-0.53130007,-2.056549,0.072854996,0,20,5,300,10,1,-0.8660254037844386,0.5000000000000001,-0.9749279121818236,-0.2225209339563146,0,0,0
2024-10-26 21:00:00+03:00,6.7157307,30.525776,5.9277835,5.3036523,0.0,0.3666,4.5929184,11.284269,0.0,8.284269,0.0,6.7157307,5.7182693,0,0,0,0,7.1368666,7.6681666,8.054691,6.5915165,,6.991605301698049,,1.9289040847474646,-0.4211359,-1.3389606,0.12421417,0,21,5,300,10,1,-0.7071067811865477,0.7071067811865474,-0.9749279121818236,-0.2225209339563146,0,0,0
2024-10-26 22:00:00+03:00,6.3619156,31.796387,6.0561743,4.9258976,0.0,0.0,4.4277043,11.638084,0.0,8.638084,0.0,6.3619156,5.271476,0,0,0,0,6.7157307,7.1368666,7.6681666,6.566281,,6.983090082804362,,1.93131291558251,-0.35381508,-1.306251,-0.20436525,0,22,5,300,10,1,-0.5000000000000004,0.8660254037844384,-0.9749279121818236,-0.2225209339563146,0,0,0
2024-10-26 23:00:00+03:00,6.0746665,32.886166,6.0353456,4.63668,0.0,0.0,4.4505587,11.925333,0.0,8.925333,0.0,6.0746665,4.947604,0,0,0,0,6.3619156,6.7157307,7.1368666,6.036176,,6.984693845113118,,1.930508224089389,-0.2872491,-1.0622001,0.038490295,0,23,5,300,10,1,-0.25881904510252157,0.9659258262890681,-0.9749279121818236,-0.2225209339563146,0,0,0
2024-10-27 00:00:00+03:00,5.8313103,33.947544,5.9051013,4.413272,0.0,0.0,4.5838504,12.16869,0.0,9.16869,0.0,5.8313103,4.7097945,0,0,0,0,6.0746665,6.3619156,6.7157307,5.5996256,,6.994347373644511,,1.923848826752488,-0.24335623,-0.8844204,0.23168468,0,0,6,301,10,1,0.0,1.0,-0.7818314824680299,0.6234898018587334,0,0,0
2024-10-27 01:00:00+03:00,5.541871,35.116734,5.732403,4.1476583,0.0,0.0,4.6067514,12.458129,0.0,9.458129,0.0,5.541871,4.435174,0,0,0,0,5.8313103,6.0746665,6.3619156,5.2841163,,7.005087157090505,,1.914583594570184,-0.2894392,-0.8200445,0.2577548,0,1,6,301,10,1,0.25881904510252074,0.9659258262890683,-0.7818314824680299,0.6234898018587334,0,0,0
2024-10-27 02:00:00+03:00,5.344321,35.7481,5.457039,3.9836364,0.0,0.0,4.399769,12.65568,0.0,9.65568,0.0,5.344321,4.3047924,0,0,0,0,5.541871,5.8313103,6.0746665,4.994411,,7.0196667313575745,,1.8998824063704352,-0.1975503,-0.7303457,0.34990978,0,2,6,301,10,1,0.49999999999999994,0.8660254037844387,-0.7818314824680299,0.6234898018587334,0,0,0
2024-10-27 03:00:00+03:00,5.226071,36.006218,5.2917705,3.8803625,0.0,0.0,4.0649076,12.77393,0.0,9.77393,0.0,5.226071,4.229664,0,0,0,0,5.344321,5.541871,5.8313103,4.805446,,7.037192761898041,,1.8804088828670311,-0.11824989,-0.6052394,0.42062473,0,3,6,301,10,1,0.7071067811865475,0.7071067811865476,-0.7818314824680299,0.6234898018587334,0,0,0
2024-10-27 04:00:00+03:00,5.382906,37.20789,5.022499,4.1852126,0.0,10.5048,4.4072547,12.617094,0.0,9.617094,0.0,5.382906,4.508651,0,0,0,0,5.226071,5.344321,5.541871,5.0778265,,7.049904406070709,,1.8675749754836644,0.15683508,-0.15896511,0.30507946,0,4,6,301,10,1,0.8660254037844386,0.5000000000000001,-0.7818314824680299,0.6234898018587334,0,0,0
2024-10-27 05:00:00+03:00,5.2305207,37.71917,5.2374926,3.9914782,0.0,2.5572,4.523285,12.76948,0.0,9.76948,0.0,5.2305207,4.254737,0,0,0,0,5.382906,5.226071,5.344321,4.840526,,7.066154181957245,,1.8491208465608884,-0.15238523,-0.11380005,0.38999462,0,5,6,301,10,1,0.9659258262890683,0.25881904510252074,-0.7818314824680299,0.6234898018587334,0,0,0
2024-10-27 06:00:00+03:00,5.070711,38.047672,5.355304,3.7908912,0.0,1.5162001,4.5029306,12.929289,0.0,9.929289,0.0,5.070711,4.029334,0,0,0,0,5.2305207,5.382906,5.226071,4.726426,,7.080499390761058,,1.831431235834695,-0.15980959,-0.15535975,0.344285,0,6,6,301,10,1,1.0,6.123233995736766e-17,-0.7818314824680299,0.6234898018587334,0,0,0
2024-10-27 07:00:00+03:00,4.938826,38.313526,5.4808817,3.622349,0.0,0.0,4.5211735,13.061174,0.0,10.061174,0.0,4.938826,3.8332303,0,0,1,0,5.070711,5.2305207,5.382906,4.729716,,7.089212318261464,,1.8202243980059194,-0.13188505,-0.44407988,0.20911026,0,7,6,301,10,1,0.9659258262890683,-0.25881904510252063,-0.7818314824680299,0.6234898018587334,0,0,0
2024-10-27 08:00:00+03:00,5.2680955,37.088326,5.686171,3.9296646,0.0,0.0,4.302441,12.731905,0.0,9.731905,0.0,5.2680955,4.1373715,0,0,0,0,4.938826,5.070711,5.2305207,5.0105653,,7.099942743778229,,1.8081568484133073,0.3292694,0.037574768,0.2575302,0,8,6,301,10,1,0.8660254037844387,-0.49999999999999983,-0.7818314824680299,0.6234898018587334,0,0,0
2024-10-27 09:00:00+03:00,6.6285906,32.125137,5.346913,5.3861876,0.0,0.0,3.7958317,11.371409,0.0,8.371409,0.0,6.6285906,5.8083715,0,0,0,0,5.2680955,4.938826,5.070711,6.356886,,7.111263771851857,,1.8041483689948088,1.3604951,1.5578794,0.27170467,0,9,6,301,10,1,0.7071067811865476,-0.7071067811865475,-0.7818314824680299,0.6234898018587334,0,0,0
2024-10-27 10:00:00+03:00,7.984266,27.841215,5.244974,6.7881546,0.0,0.0,4.0088673,10.015734,0.0,7.015734,0.0,7.984266,7.3868175,0,0,0,0,6.6285906,5.2680955,4.938826,7.646576,,7.125334183375041,,1.809812658667105,1.3556752,3.0454397,0.33768988,0,10,6,301,10,1,0.49999999999999994,-0.8660254037844387,-0.7818314824680299,0.6234898018587334,0,0,0
2024-10-27 11:00:00+03:00,9.009596,24.215519,5.166934,7.7911882,0.0,0.1833,4.332287,8.990404,0.0,5.990404,0.0,9.009596,8.5784,0,0,0,0,7.984266,6.6285906,5.2680955,8.604641,,7.142207304636638,,1.826019232724884,1.0253301,3.7415004,0.4049549,0,11,6,301,10,1,0.258819045102521,-0.9659258262890682,-0.7818314824680299,0.6234898018587334,0,0,0
2024-10-27 12:00:00+03:00,9.734846,21.761663,5.062452,8.582193,0.0,0.0,4.430413,8.265154,0.0,5.265154,0.0,9.734846,9.434996,0,0,0,0,9.009596,7.984266,6.6285906,9.25444,,7.1622242132822675,,1.8526197078498,0.72525024,3.1062555,0.4804058,0,12,6,301,10,1,1.2246467991473532e-16,-1.0,-0.7818314824680299,0.6234898018587334,0,0,0
2024-10-27 13:00:00+03:00,10.162982,20.664753,5.356861,9.05959,0.0,0.89059997,4.345244,7.837018,0.0,4.837018,0.0,10.162982,10.162982,0,0,0,0,9.734846,9.009596,7.984266,9.713436,,7.180955290794373,,1.8815816600029753,0.42813587,2.1787162,0.44954586,0,13,6,301,10,1,-0.2588190451025208,-0.9659258262890683,-0.7818314824680299,0.6234898018587334,0,0,0
2024-10-27 14:00:00+03:00,10.290736,20.520456,5.9648185,9.050177,0.0,1.1789,4.1494684,7.709264,0.0,4.709264,0.0,10.290736,10.290736,0,0,0,0,10.162982,9.734846,9.009596,9.995935,,7.193238655726115,,1.9016130727262703,0.12775421,1.2811403,0.29480076,0,14,6,301,10,1,-0.4999999999999998,-0.8660254037844388,-0.7818314824680299,0.6234898018587334,0,0,0
2024-10-27 15:00:00+03:00,10.173711,21.186302,6.181437,8.8220005,0.0,1.6491001,3.9303892,7.826289,0.0,4.826289,0.0,10.173711,10.173711,0,0,0,0,10.290736,10.162982,9.734846,10.03059,,7.199202020963033,,1.9110984808967988,-0.117025375,0.4388647,0.14312077,0,15,6,301,10,1,-0.7071067811865471,-0.7071067811865479,-0.7818314824680299,0.6234898018587334,0,0,0
2024-10-27 16:00:00+03:00,9.7412,21.431004,5.7737446,8.3699255,0.0,1.3100001,3.965713,8.2588,0.0,5.2587996,0.0,9.7412,9.235329,0,0,0,0,10.173711,10.290736,10.162982,9.756036,,7.198583881060283,,1.9102377283758223,-0.43251038,-0.42178154,-0.014835358,0,16,6,301,10,1,-0.8660254037844384,-0.5000000000000004,-0.7818314824680299,0.6234898018587334,0,0,0
2024-10-27 17:00:00+03:00,9.091801,23.984049,5.7617846,7.7792826,0.0,1.7292,3.790665,8.908199,0.0,5.9081993,0.0,9.091801,8.4942665,0,0,0,0,9.7412,10.173711,10.290736,9.193416,,7.194349924723308,,1.9057313330032764,-0.64939976,-1.1989355,-0.10161495,0,17,6,301,10,1,-0.9659258262890683,-0.25881904510252063,-0.7818314824680299,0.6234898018587334,0,0,0
2024-10-27 18:00:00+03:00,8.014426,27.455994,5.7331176,6.710171,0.0,2.9344,4.2252307,9.985574,0.0,6.985574,0.0,8.014426,7.268,0,0,0,0,9.091801,9.7412,10.173711,8.054691,,7.192672212918599,,1.9049585674008425,-1.0773745,-2.1592846,-0.040265083,0,18,6,301,10,1,-1.0,-1.8369701987210297e-16,-0.7818314824680299,0.6234898018587334,0,0,0
2024-10-27 19:00:00+03:00,7.458896,30.052883,5.144755,6.2909775,0.0,2.6724,3.9340107,10.541103,0.0,7.541104,0.0,7.458896,6.8225384,0,0,0,0,8.014426,9.091801,9.7412,7.6681666,,7.183952609697978,,1.9031655527570628,-0.5555301,-2.2823043,-0.20927048,0,19,6,301,10,1,-0.9659258262890684,0.2588190451025203,-0.7818314824680299,0.6234898018587334,0,0,0
2024-10-27 20:00:00+03:00,7.111021,32.39227,4.739942,6.07893,0.0,2.9868,3.9196026,10.888979,0.0,7.888979,0.0,7.111021,7.111021,0,0,0,0,7.458896,8.014426,9.091801,7.1368666,,7.1828757127126055,,1.9032006665324566,-0.34787512,-1.9807796,-0.025845528,0,20,6,301,10,1,-0.8660254037844386,0.5000000000000001,-0.7818314824680299,0.6234898018587334,0,0,0
2024-10-27 21:00:00+03:00,6.800437,33.674744,4.677061,5.7806683,0.0,1.1004,3.8898556,11.199563,0.0,8.199563,0.0,6.800437,6.800437,0,0,0,0,7.111021,7.458896,8.014426,6.7157307,,7.1864051421483355,,1.902375057928991,-0.31058407,-1.2139893,0.08470631,0,21,6,301,10,1,-0.7071067811865477,0.7071067811865474,-0.7818314824680299,0.6234898018587334,0,0,0
2024-10-27 22:00:00+03:00,6.4817815,34.53858,4.441728,5.4714813,0.0,0.0318,3.4096785,11.518219,0.0,8.518219,0.0,6.4817815,6.4817815,0,0,0,0,6.800437,7.111021,7.458896,6.3619156,,7.1913995544115705,,1.9002725504881324,-0.3186555,-0.9771147,0.119865894,0,22,6,301,10,1,-0.5000000000000004,0.8660254037844384,-0.7818314824680299,0.6234898018587334,0,0,0
2024-10-27 23:00:00+03:00,6.295371,34.73284,3.885409,5.3442855,0.0,0.5829,3.3596604,11.704629,0.0,8.704629,0.0,6.295371,6.295371,0,0,0,0,6.4817815,6.800437,7.111021,6.0746665,,7.200595577557881,,1.8951605114200365,-0.18641043,-0.81565,0.22070456,0,23,6,301,10,1,-0.25881904510252157,0.9659258262890681,-0.7818314824680299,0.6234898018587334,0,0,0
2024-10-28 00:00:00+03:00,6.1237364,34.859814,3.4671936,5.201664,0.0,0.5195,3.3694456,11.876264,0.0,8.876264,0.0,6.1237364,6.1237364,0,0,0,0,6.295371,6.4817815,6.800437,5.8313103,,7.212779998779297,,1.8868963222457895,-0.17163467,-0.6767006,0.2924261,0,0,0,302,10,0,0.0,1.0,0.0,1.0,0,0,0
2024-10-28 01:00:00+03:00,5.8400607,35.318893,3.3566499,4.8970957,0.0,0.48040003,3.7552218,12.159939,0.0,9.159939,0.0,5.8400607,5.8400607,0,0,0,0,6.1237364,6.295371,6.4817815,5.541871,,7.225204567114512,,1.876367959315463,-0.28367567,-0.6417208,0.29818964,0,1,0,302,10,0,0.25881904510252074,0.9659258262890683,0.0,1.0,0,0,0
2024-10-28 02:00:00+03:00,5.399617,36.38536,3.1111555,4.4433556,0.0,1.4094,3.8490288,12.600383,0.0,9.600383,0.0,5.399617,5.399617,0,0,0,0,5.8400607,6.1237364,6.295371,5.344321,,7.227508584658305,,1.8739904242838248,-0.44044352,-0.89575386,0.05529642,0,2,0,302,10,0,0.49999999999999994,0.8660254037844387,0.0,1.0,0,0,0
2024-10-28 03:00:00+03:00,5.215001,36.268192,2.9949634,4.2219815,0.0,0.9862,3.8723485,12.784999,0.0,9.784999,0.0,5.215001,5.215001,0,0,0,0,5.399617,5.8400607,6.1237364,5.226071,,7.227047344048818,,1.874505742389486,-0.18461609,-0.9087353,-0.011069775,0,3,0,302,10,0,0.7071067811865475,0.7071067811865476,0.0,1.0,0,0,0
2024-10-28 04:00:00+03:00,5.5172553,37.573948,2.720244,4.725429,0.0,20.9045,3.9080176,12.482744,0.0,9.482744,0.0,5.5172553,5.5172553,0,0,0,0,5.215001,5.399617,5.8400607,5.382906,,7.232645233472188,,1.8689514637133988,0.3022542,-0.3228054,0.13434935,0,4,0,302,10,0,0.8660254037844386,0.5000000000000001,0.0,1.0,0,0,0
2024-10-28 05:00:00+03:00,5.4557066,37.804405,2.5626428,4.68896,0.0,19.575,3.7046285,12.544293,0.0,9.544293,0.0,5.4557066,5.4557066,0,0,0,0,5.5172553,5.215001,5.399617,5.2305207,,7.242027978102366,,1.8590019026996716,-0.06154871,0.0560894,0.22518587,0,5,0,302,10,0,0.9659258262890683,0.25881904510252074,0.0,1.0,0,0,0
2024-10-28 06:00:00+03:00,5.467886,37.747967,2.3322048,4.737829,0.0,21.8056,2.987398,12.532114,0.0,9.532114,0.0,5.467886,5.467886,0,0,0,0,5.4557066,5.5172553,5.215001,5.070711,,7.258576929569244,,1.8405081518570712,0.012179375,0.25288486,0.39717484,0,6,0,302,10,0,1.0,6.123233995736766e-17,0.0,1.0,0,0,0
2024-10-28 07:00:00+03:00,5.425036,38.144108,2.072915,4.74929,0.0,24.1984,2.952789,12.574965,0.0,9.574965,0.0,5.425036,5.425036,0,0,0,0,5.467886,5.4557066,5.5172553,4.938826,,7.278835674126943,,1.8163819081830712,-0.042850018,-0.09221935,0.48620987,0,7,0,302,10,0,0.9659258262890683,-0.25881904510252063,0.0,1.0,0,0,0
2024-10-28 08:00:00+03:00,5.6026716,37.794872,2.5935917,4.868062,0.0,24.744902,3.4138398,12.397328,0.0,9.397328,0.0,5.6026716,5.6026716,0,0,0,0,5.425036,5.467886,5.4557066,5.2680955,,7.292776346206665,,1.8015015484831018,0.17763567,0.14696503,0.33457613,0,8,0,302,10,0,0.8660254037844387,-0.49999999999999983,0.0,1.0,0,0,0
2024-10-28 09:00:00+03:00,6.553986,35.04441,2.4976952,5.8806076,0.0,25.1918,3.6402817,11.446014,0.0,8.446014,0.0,6.553986,6.553986,0,0,0,0,5.6026716,5.425036,5.467886,6.6285906,,7.289667824904124,,1.8027613662411823,0.95131445,1.0861001,-0.07460451,0,9,0,302,10,0,0.7071067811865476,-0.7071067811865475,0.0,1.0,0,0,0
2024-10-28 10:00:00+03:00,7.6590667,30.984034,2.2117152,7.0125947,0.0,24.5819,4.2442513,10.340933,0.0,7.3409333,0.0,7.6590667,7.6590667,0,0,0,0,6.553986,5.6026716,5.425036,7.984266,,7.2761178612709045,,1.7985307920120286,1.1050806,2.2340307,-0.32519913,0,10,0,302,10,0,0.49999999999999994,-0.8660254037844387,0.0,1.0,0,0,0
2024-10-28 11:00:00+03:00,8.613101,26.713556,2.1231146,7.9117208,0.0,14.6153,4.5235577,9.386899,0.0,6.386899,0.0,8.613101,8.613101,0,0,0,0,7.6590667,6.553986,5.6026716,9.009596,,7.2595972418785095,6.9456583715620495,1.783675087430607,0.9540343,3.0104294,-0.39649487,0,11,0,302,10,0,0.258819045102521,-0.9659258262890682,0.0,1.0,0,0,0
2024-10-28 12:00:00+03:00,9.39344,23.383596,1.89584,8.742525,0.0,11.779499,4.399965,8.60656,0.0,5.6065598,0.0,9.39344,9.39344,0,0,0,0,8.613101,7.6590667,6.553986,9.734846,,7.245371997356415,6.974455805385814,1.7643326020523318,0.78033924,2.8394542,-0.34140587,0,12,0,302,10,0,1.2246467991473532e-16,-1.0,0.0,1.0,0,0,0
2024-10-28 13:00:00+03:00,9.875081,22.022804,2.0319438,9.281555,0.0,8.2432,4.20415,8.124919,0.0,5.124919,0.0,9.875081,9.875081,0,0,0,0,9.39344,8.613101,7.6590667,10.162982,,7.233376125494639,7.008184006047803,1.744500268512921,0.48164082,2.2160144,-0.28790092,0,13,0,302,10,0,-0.2588190451025208,-0.9659258262890683,0.0,1.0,0,0,0
2024-10-28 14:00:00+03:00,10.192012,21.140419,2.3623388,9.496828,0.0,5.6500998,3.9858437,7.807988,0.0,4.807988,0.0,10.192012,10.192012,0,0,0,0,9.875081,9.39344,8.613101,10.290736,,7.22926261027654,7.044779728198874,1.7370782043981106,0.31693077,1.5789108,-0.098724365,0,14,0,302,10,0,-0.4999999999999998,-0.8660254037844388,0.0,1.0,0,0,0
2024-10-28 15:00:00+03:00,10.293156,20.5489,2.6034195,9.427817,0.0,5.4565,3.9079316,7.7068443,0.0,4.7068443,0.0,10.293156,10.293156,0,0,0,0,10.192012,9.875081,9.39344,10.173711,,7.234239478905995,7.081693091175773,1.7460291193828086,0.10114384,0.8997154,0.11944485,0,15,0,302,10,0,-0.7071067811865471,-0.7071067811865479,0.0,1.0,0,0,0
2024-10-28 16:00:00+03:00,10.0948105,20.560081,3.4470801,9.071559,0.0,0.1426,3.778653,7.9051895,0.0,4.9051895,0.0,10.0948105,10.0948105,0,0,0,0,10.293156,10.192012,9.875081,9.7412,,7.2489732305208845,7.115548342801212,1.769438746180153,-0.19834518,0.21972942,0.35361004,0,16,0,302,10,0,-0.8660254037844384,-0.5000000000000004,0.0,1.0,0,0,0
2024-10-28 17:00:00+03:00,9.528605,21.415043,4.004042,8.383168,0.0,0.0378,3.6195445,8.471395,0.0,5.4713945,0.0,9.528605,9.528605,0,0,0,0,10.0948105,10.293156,10.192012,9.091801,,7.26717342933019,7.1423600885603165,1.7913289951990157,-0.566205,-0.6634064,0.43680477,0,17,0,302,10,0,-0.9659258262890683,-0.25881904510252063,0.0,1.0,0,0,0
2024-10-28 18:00:00+03:00,8.089591,25.876278,4.4403005,6.929299,0.0,0.0,4.06546,9.910409,0.0,6.910409,0.0,8.089591,8.089591,0,0,0,0,9.528605,10.0948105,10.293156,8.014426,,7.270305295785268,7.152769219744337,1.7927573932653558,-1.4390144,-2.2035646,0.075164795,0,18,0,302,10,0,-1.0,-1.8369701987210297e-16,0.0,1.0,0,0,0
2024-10-28 19:00:00+03:00,7.3854504,29.464346,4.129228,6.3290343,0.0,2.1996,3.4589655,10.61455,0.0,7.6145496,0.0,7.3854504,7.3854504,0,0,0,0,8.089591,9.528605,10.0948105,7.458896,,7.267245054244995,7.1552983626075415,1.792484136683474,-0.70414066,-2.7093601,-0.0734458,0,19,0,302,10,0,-0.9659258262890684,0.2588190451025203,0.0,1.0,0,0,0
2024-10-28 20:00:00+03:00,6.935821,31.367823,3.3996565,5.9656196,0.0,13.405801,4.149506,11.064178,0.0,8.064178,0.0,6.935821,6.935821,0,0,0,0,7.3854504,8.089591,9.528605,7.111021,,7.2599450548489886,7.152938391572686,1.7935044964315332,-0.4496293,-2.5927844,-0.17519999,0,20,0,302,10,0,-0.8660254037844386,0.5000000000000001,0.0,1.0,0,0,0
2024-10-28 21:00:00+03:00,6.4151564,32.84617,3.7021341,5.393517,0.0,19.4007,3.998306,11.584844,0.0,8.584844,0.0,6.4151564,6.4151564,0,0,0,0,6.935821,7.3854504,8.089591,6.800437,,7.243891696135203,7.145089646603199,1.799510536318882,-0.5206647,-1.6744347,-0.3852806,0,21,0,302,10,0,-0.7071067811865477,0.7071067811865474,0.0,1.0,0,0,0
2024-10-28 22:00:00+03:00,6.2562914,33.270996,3.682345,5.230939,0.0,21.0003,3.3809962,11.743709,0.0,8.743709,0.0,6.2562914,6.2562914,0,0,0,0,6.4151564,6.935821,7.3854504,6.4817815,,7.234496275583903,7.135733875475432,1.8042450153128875,-0.15886497,-1.129159,-0.2254901,0,22,0,302,10,0,-0.5000000000000004,0.8660254037844384,0.0,1.0,0,0,0
2024-10-28 23:00:00+03:00,5.9240456,34.390316,3.5721989,4.913415,0.0,23.7573,3.6411052,12.075954,0.0,9.075954,0.0,5.9240456,5.9240456,0,0,0,0,6.2562914,6.4151564,6.935821,6.295371,,7.219024380048116,7.123112122217814,1.8142129868038128,-0.33224583,-1.0117755,-0.3713255,0,23,0,302,10,0,-0.25881904510252157,0.9659258262890681,0.0,1.0,0,0,0
2024-10-29 00:00:00+03:00,5.5634813,35.47727,3.7517064,4.5141244,0.0,24.2598,3.7879262,12.436519,0.0,9.436519,0.0,5.5634813,5.5634813,0,0,0,0,5.9240456,6.2562914,6.4151564,6.1237364,,7.195680419603984,7.107033454265791,1.8324320964992475,-0.36056423,-0.85167503,-0.56025505,0,0,1,303,10,0,0.0,1.0,0.7818314824680298,0.6234898018587336,0,0,0
2024-10-29 01:00:00+03:00,5.2753863,36.236156,3.7632396,4.2046967,0.0,23.7855,3.9933565,12.724613,0.0,9.724613,0.0,5.2753863,5.2753863,0,0,0,0,5.5634813,5.9240456,6.2562914,5.8400607,,7.172152320543925,7.0883431775229315,1.8540919352283867,-0.288095,-0.98090506,-0.5646744,0,1,1,303,10,0,0.25881904510252074,0.9659258262890683,0.7818314824680298,0.6234898018587336,0,0,0
2024-10-29 02:00:00+03:00,5.1221256,36.3494,3.9742799,3.9899867,0.0,6.8213997,4.1298485,12.877874,0.0,9.877874,0.0,5.1221256,5.1221256,0,0,0,0,5.2753863,5.5634813,5.9240456,5.399617,,7.160590171813965,7.068482394170279,1.8664501190498735,-0.15326071,-0.80191994,-0.27749157,0,2,1,303,10,0,0.49999999999999994,0.8660254037844387,0.7818314824680298,0.6234898018587336,0,0,0
2024-10-29 03:00:00+03:00,5.018521,36.53243,4.0548196,3.8573735,0.0,17.1768,4.25117,12.98148,0.0,9.98148,0.0,5.018521,5.018521,0,0,0,0,5.1221256,5.2753863,5.5634813,5.215001,,7.15240349372228,7.047982778549194,1.8757626252237551,-0.10360479,-0.5449605,-0.19648027,0,3,1,303,10,0,0.7071067811865475,0.7071067811865476,0.7818314824680298,0.6234898018587336,0,0,0
2024-10-29 04:00:00+03:00,4.9862714,37.41397,3.813622,3.8912945,0.0,19.043701,4.227181,13.013729,0.0,10.013729,0.0,4.9862714,4.9862714,0,0,1,0,5.018521,5.1221256,5.2753863,5.5172553,,7.130279163519542,7.027569794418788,1.89887650847082,-0.03224945,-0.28911495,-0.5309839,0,4,1,303,10,0,0.8660254037844386,0.5000000000000001,0.7818314824680298,0.6234898018587336,0,0,0
2024-10-29 05:00:00+03:00,5.0576663,36.84358,3.4506254,4.005617,0.0,19.7391,3.675216,12.942333,0.0,9.942333,0.0,5.0576663,5.0576663,0,0,0,0,4.9862714,5.018521,5.1221256,5.4557066,,7.113694151242574,7.008257015078676,1.9158011737716614,0.07139492,-0.064459324,-0.3980403,0,5,1,303,10,0,0.9659258262890683,0.25881904510252074,0.7818314824680298,0.6234898018587336,0,0,0
2024-10-29 06:00:00+03:00,5.169496,36.084106,3.5189474,4.0928717,0.0,20.852098,3.1743321,12.830503,0.0,9.830503,0.0,5.169496,5.169496,0,0,0,0,5.0576663,4.9862714,5.018521,5.467886,,7.1012612382570905,6.990404966965462,1.9278764726720417,0.11182976,0.15097523,-0.2983899,0,6,1,303,10,0,1.0,6.123233995736766e-17,0.7818314824680298,0.6234898018587336,0,0,0
2024-10-29 07:00:00+03:00,5.0708914,36.394848,3.654117,3.9692256,0.0,25.240301,3.289762,12.929109,0.0,9.929109,0.0,5.0708914,5.0708914,0,0,0,0,5.169496,5.0576663,4.9862714,5.425036,,7.086505214373271,6.971948105555314,1.9425635432322763,-0.09860468,0.08462,-0.35414457,0,7,1,303,10,0,0.9659258262890683,-0.25881904510252063,0.7818314824680298,0.6234898018587336,0,0,0
2024-10-29 08:00:00+03:00,5.332121,36.176315,3.7108552,4.257732,0.0,24.5545,3.573046,12.667879,0.0,9.667879,0.0,5.332121,5.332121,0,0,0,0,5.0708914,5.169496,5.0576663,5.6026716,,7.075232267379761,6.956330703553699,1.9523093800718279,0.26122952,0.2744546,-0.27055073,0,8,1,303,10,0,0.8660254037844387,-0.49999999999999983,0.7818314824680298,0.6234898018587336,0,0,0
2024-10-29 09:00:00+03:00,6.4900517,34.136356,3.6411648,5.548054,0.0,23.156898,3.7143018,11.509949,0.0,8.509949,0.0,6.4900517,6.4900517,0,0,0,0,5.332121,5.0708914,5.169496,6.553986,,7.0725683371226,6.951931845467046,1.953095006336139,1.1579309,1.3205557,-0.063934326,0,9,1,303,10,0,0.7071067811865476,-0.7071067811865475,0.7818314824680298,0.6234898018587336,0,0,0
2024-10-29 10:00:00+03:00,7.694526,30.491663,3.8748217,6.7528024,0.0,14.658199,4.107259,10.305473,0.0,7.305474,0.0,7.694526,7.694526,0,0,0,0,6.4900517,5.332121,5.0708914,7.6590667,,7.074045817057292,6.958871979579747,1.9535713257579335,1.2044744,2.6236348,0.03545952,0,10,1,303,10,0,0.49999999999999994,-0.8660254037844387,0.7818314824680298,0.6234898018587336,0,0,0
2024-10-29 11:00:00+03:00,8.925343,25.520496,4.069746,7.9211836,0.0,9.6989,4.149752,9.074657,0.0,6.0746574,0.0,8.925343,8.925343,0,0,0,0,7.694526,6.4900517,5.332121,8.613101,,7.087055881818135,6.977080040507847,1.965271169967282,1.2308164,3.5932217,0.31224155,0,11,1,303,10,0,0.258819045102521,-0.9659258262890682,0.7818314824680298,0.6234898018587336,0,0,0
2024-10-29 12:00:00+03:00,9.82236,21.346426,4.3950496,8.707501,0.0,10.3301,4.119418,8.17764,0.0,5.17764,0.0,9.82236,9.82236,0,0,0,0,8.925343,7.694526,6.4900517,9.39344,,7.1049275398254395,7.003183526730319,1.988964141912418,0.8970175,3.3323083,0.4289198,0,12,1,303,10,0,1.2246467991473532e-16,-1.0,0.7818314824680298,0.6234898018587336,0,0,0
2024-10-29 13:00:00+03:00,10.394132,19.226227,5.237236,9.148111,0.0,11.030199,4.1350465,7.6058683,0.0,4.6058683,0.0,10.394132,10.394132,0,0,0,0,9.82236,8.925343,7.694526,9.875081,,7.126554648081462,7.034010327946056,2.022927171799071,0.5717716,2.6996055,0.5190506,0,13,1,303,10,0,-0.2588190451025208,-0.9659258262890683,0.7818314824680298,0.6234898018587336,0,0,0
2024-10-29 14:00:00+03:00,10.595732,18.900635,5.88426,9.213173,0.0,9.3546,4.0774436,7.4042683,0.0,4.4042683,0.0,10.595732,10.595732,0,0,0,0,10.394132,9.82236,8.925343,10.192012,,7.143376310666402,7.0660979081918525,2.051009937265812,0.20160007,1.6703892,0.4037199,0,14,1,303,10,0,-0.4999999999999998,-0.8660254037844388,0.7818314824680298,0.6234898018587336,0,0,0
2024-10-29 15:00:00+03:00,10.530666,19.825928,6.343847,9.087776,0.0,8.4482,4.029833,7.4693336,0.0,4.4693336,0.0,10.530666,10.530666,0,0,0,0,10.595732,10.394132,9.82236,10.293156,,7.1532725890477495,7.097031555005482,2.06737634484011,-0.065065384,0.7083063,0.23751068,0,15,1,303,10,0,-0.7071067811865471,-0.7071067811865479,0.7818314824680298,0.6234898018587336,0,0,0
2024-10-29 16:00:00+03:00,10.236961,20.959553,6.7340255,8.747452,0.0,7.2684,4.013721,7.7630386,0.0,4.7630386,0.0,10.236961,10.236961,0,0,0,0,10.530666,10.595732,10.394132,10.0948105,,7.15919554233551,7.124818544472213,2.0763542798123953,-0.293705,-0.1571703,0.14215088,0,16,1,303,10,0,-0.8660254037844384,-0.5000000000000004,0.7818314824680298,0.6234898018587336,0,0,0
2024-10-29 17:00:00+03:00,9.73303,23.09871,6.6893497,8.318478,0.0,11.4677,4.0178733,8.26697,0.0,5.2669697,0.0,9.73303,8.98901,0,0,0,0,10.236961,10.530666,10.595732,9.528605,,7.1677132447560625,7.147697595127842,2.0868893437166176,-0.50393105,-0.8627014,0.20442486,0,17,1,303,10,0,-0.9659258262890683,-0.25881904510252063,0.7818314824680298,0.6234898018587336,0,0,0
2024-10-29 18:00:00+03:00,8.763381,27.165493,5.822025,7.575337,0.0,11.282001,4.495779,9.236619,0.0,6.236619,0.0,8.763381,8.100421,0,0,0,0,9.73303,10.236961,10.530666,8.089591,,7.195787827173869,7.161747016077456,2.1042900758841308,-0.9696493,-1.7672853,0.67379,0,18,1,303,10,0,-1.0,-1.8369701987210297e-16,0.7818314824680298,0.6234898018587336,0,0,0
2024-10-29 19:00:00+03:00,8.061526,30.472504,5.2505016,7.0175576,0.0,13.3001995,4.142402,9.938474,0.0,6.9384737,0.0,8.061526,7.4729724,0,0,0,0,8.763381,9.73303,10.236961,7.3854504,,7.223957657814026,7.169503734029573,2.1114525282507643,-0.7018547,-2.175435,0.67607594,0,19,1,303,10,0,-0.9659258262890684,0.2588190451025203,0.7818314824680298,0.6234898018587336,0,0,0
2024-10-29 20:00:00+03:00,7.5673566,32.174927,4.7712684,6.6060524,0.0,11.2544,3.8761623,10.432644,0.0,7.4326434,0.0,7.5673566,7.5673566,0,0,0,0,8.061526,8.763381,9.73303,6.935821,,7.250271638234456,7.172904185759715,2.1116407470704073,-0.4941697,-2.1656737,0.63153553,0,20,1,303,10,0,-0.8660254037844386,0.5000000000000001,0.7818314824680298,0.6234898018587336,0,0,0
2024-10-29 21:00:00+03:00,7.181976,33.259495,4.444053,6.2466025,0.0,12.365999,3.95079,10.818024,0.0,7.818024,0.0,7.181976,7.181976,0,0,0,0,7.5673566,8.061526,8.763381,6.4151564,,7.2822224497795105,7.172981064198381,2.104243736073961,-0.38538074,-1.5814052,0.7668195,0,21,1,303,10,0,-0.7071067811865477,0.7071067811865474,0.7818314824680298,0.6234898018587336,0,0,0
2024-10-29 22:00:00+03:00,6.794185,34.08816,4.3872724,5.8330545,0.0,23.6926,3.8364844,11.205814,0.0,8.205814,0.0,6.794185,6.794185,0,0,0,0,7.181976,7.5673566,8.061526,6.2562914,,7.304634690284729,7.1697979053529375,2.0956886340263665,-0.38779068,-1.2673411,0.5378938,0,22,1,303,10,0,-0.5000000000000004,0.8660254037844384,0.7818314824680298,0.6234898018587336,0,0,0
2024-10-29 23:00:00+03:00,6.680306,34.149582,4.4920444,5.695121,0.0,27.418198,3.853872,11.3196945,0.0,8.3196945,0.0,6.680306,6.680306,0,0,0,0,6.794185,7.181976,7.5673566,5.9240456,,7.336145540078481,7.165718805789948,2.0796517182025456,-0.113879204,-0.8870506,0.7562604,0,23,1,303,10,0,-0.25881904510252157,0.9659258262890681,0.7818314824680298,0.6234898018587336,0,0,0
2024-10-30 00:00:00+03:00,6.591526,35.12291,4.5884604,5.6350975,0.0,27.127901,3.822819,11.408474,0.0,8.408474,0.0,6.591526,6.591526,0,0,0,0,6.680306,6.794185,7.181976,5.5634813,,7.378980735937755,7.1609734109610566,2.0519551917451,-0.08877993,-0.5904498,1.0280447,0,0,2,304,10,0,0.0,1.0,0.9749279121818236,-0.22252093395631434,0,0,0
2024-10-30 01:00:00+03:00,6.4869065,36.1741,4.6701035,5.5520487,0.0,29.1292,3.9914439,11.513094,0.0,8.513094,0.0,6.4869065,6.4869065,0,0,0,0,6.591526,6.680306,6.794185,5.2753863,,7.42946074406306,7.155448272580006,2.012477295984341,-0.1046195,-0.30727863,1.2115202,0,1,2,304,10,0,0.25881904510252074,0.9659258262890683,0.9749279121818236,-0.22252093395631434,0,0,0
2024-10-30 02:00:00+03:00,6.329031,37.4564,4.9183908,5.3846455,0.0,26.4175,4.0492043,11.670969,0.0,8.670969,0.0,6.329031,5.620714,0,0,0,0,6.4869065,6.591526,6.680306,5.1221256,,7.4797484676043196,7.148729432889117,1.966877349768359,-0.15787554,-0.35127497,1.2069054,0,2,2,304,10,0,0.49999999999999994,0.8660254037844387,0.9749279121818236,-0.22252093395631434,0,0,0
2024-10-30 03:00:00+03:00,6.133476,38.362057,5.1246543,5.1568627,0.0,19.883799,4.135049,11.866524,0.0,8.866524,0.0,6.133476,5.3230724,0,0,0,0,6.329031,6.4869065,6.591526,5.018521,,7.526204923788707,7.140541903434261,1.9187967416897533,-0.19555521,-0.45805025,1.114955,0,3,2,304,10,0,0.7071067811865475,0.7071067811865476,0.9749279121818236,-0.22252093395631434,0,0,0
2024-10-30 04:00:00+03:00,6.4283066,38.1725,6.081552,5.3939886,0.03915,29.203798,4.092819,11.571693,0.0,8.571693,0.0,6.4283066,5.339978,0,0,0,0,6.133476,6.329031,6.4869065,4.9862714,,7.586289723714192,7.134844020843506,1.8573992512218045,0.2948308,-0.05859995,1.4420352,0,4,2,304,10,0,0.8660254037844386,0.5000000000000001,0.9749279121818236,-0.22252093395631434,0,0,0
2024-10-30 05:00:00+03:00,6.252286,38.370007,5.5811386,5.2516212,0.00249,13.190701,4.1017084,11.747714,0.0,8.747714,0.0,6.252286,5.29936,0,0,0,0,6.4283066,6.133476,6.329031,5.0576663,,7.6360655426979065,7.127839591768053,1.8018662061374242,-0.17602062,-0.07674503,1.1946197,0,5,2,304,10,0,0.9659258262890683,0.25881904510252074,0.9749279121818236,-0.22252093395631434,0,0,0
2024-10-30 06:00:00+03:00,5.9562464,38.65003,5.590697,4.884381,0.0074700005,15.1338,4.141334,12.043754,0.0,9.043754,0.0,5.9562464,4.957574,0,0,0,0,6.252286,6.4283066,6.133476,5.169496,,7.668846805890401,7.118614448337104,1.7617510893438317,-0.29603958,-0.1772294,0.7867503,0,6,2,304,10,0,1.0,6.123233995736766e-17,0.9749279121818236,-0.22252093395631434,0,0,0
2024-10-30 07:00:00+03:00,5.7700562,38.278927,5.613979,4.622002,0.01245,15.799,4.1913476,12.229944,0.0,9.229944,0.0,5.7700562,4.73667,0,0,0,0,5.9562464,6.252286,6.4283066,5.0708914,,7.697978675365448,7.108078837394714,1.7222622121395232,-0.18619013,-0.65825033,0.69916487,0,7,2,304,10,0,0.9659258262890683,-0.25881904510252063,0.9749279121818236,-0.22252093395631434,0,0,0
2024-10-30 08:00:00+03:00,6.0625157,36.94573,5.3538675,4.932754,0.01245,16.3162,3.812565,11.937485,0.0,8.937485,0.0,6.0625157,5.1606126,0,0,0,0,5.7700562,5.9562464,6.252286,5.332121,,7.728411793708801,7.0999736970709275,1.684682033331967,0.2924595,-0.18977022,0.73039484,0,8,2,304,10,0,0.8660254037844387,-0.49999999999999983,0.9749279121818236,-0.22252093395631434,0,0,0
2024-10-30 09:00:00+03:00,7.082257,32.67694,6.018765,5.8547764,0.00249,13.6216,3.7895186,10.917744,0.0,7.917743,0.0,7.082257,6.111492,0,0,0,0,6.0625157,5.7700562,5.9562464,6.4900517,,7.753087004025777,7.099837413200965,1.6700286332048808,1.019741,1.1260104,0.59220505,0,9,2,304,10,0,0.7071067811865476,-0.7071067811865475,0.9749279121818236,-0.22252093395631434,0,0,0
2024-10-30 10:00:00+03:00,8.050731,28.657623,6.5487247,6.704179,0.0,13.3707,4.307525,9.949269,0.0,6.9492693,0.0,8.050731,7.0769935,0,0,0,0,7.082257,6.0625157,5.7700562,7.694526,,7.767928858598073,7.107096140621272,1.6710680689010697,0.9684739,2.2806745,0.3562045,0,10,2,304,10,0,0.49999999999999994,-0.8660254037844387,0.9749279121818236,-0.22252093395631434,0,0,0
2024-10-30 11:00:00+03:00,8.768706,25.838524,6.847146,7.333266,0.00876,15.5536995,4.7941318,9.231294,0.0,6.2312937,0.0,8.768706,7.8314633,0,0,0,0,8.050731,7.082257,6.0625157,8.925343,,7.761402348677318,7.119684096538659,1.6666511861876658,0.7179756,2.7061906,-0.15663624,0,11,2,304,10,0,0.258819045102521,-0.9659258262890682,0.9749279121818236,-0.22252093395631434,0,0,0
2024-10-30 12:00:00+03:00,9.30095,23.510326,6.932959,7.8431773,0.02379,17.1856,4.9886103,8.69905,0.0,5.69905,0.0,9.30095,8.428504,0,0,0,0,8.768706,8.050731,7.082257,9.82236,,7.739676932493846,7.136084592432008,1.641831357305339,0.5322437,2.2186933,-0.52141,0,12,2,304,10,0,1.2246467991473532e-16,-1.0,0.9749279121818236,-0.22252093395631434,0,0,0
2024-10-30 13:00:00+03:00,9.601411,22.083395,7.053515,8.114049,0.01503,25.342901,5.090937,8.398589,0.0,5.398589,0.0,9.601411,8.749163,0,0,0,0,9.30095,8.768706,8.050731,10.394132,,7.706646899382274,7.154482549695826,1.5933663362660024,0.30046082,1.5506802,-0.7927208,0,13,2,304,10,0,-0.2588190451025208,-0.9659258262890683,0.9749279121818236,-0.22252093395631434,0,0,0
2024-10-30 14:00:00+03:00,9.605956,22.247808,7.553656,7.9970303,0.00627,26.482101,5.163763,8.394044,0.0,5.394044,0.0,9.605956,8.640539,0,0,0,0,9.601411,9.30095,8.768706,10.595732,,7.665406246980031,7.1726416128653065,1.5267544383763878,0.004545212,0.83724976,-0.98977566,0,14,2,304,10,0,-0.4999999999999998,-0.8660254037844388,0.9749279121818236,-0.22252093395631434,0,0,0
2024-10-30 15:00:00+03:00,9.538701,22.499746,7.7751756,7.8561287,0.0,22.7755,5.2442255,8.461299,0.0,5.461299,0.0,9.538701,8.513279,0,0,0,0,9.605956,9.601411,9.30095,10.530666,,7.624074359734853,7.190039108781254,1.4576788850030993,-0.06725502,0.237751,-0.9919653,0,15,2,304,10,0,-0.7071067811865471,-0.7071067811865479,0.9749279121818236,-0.22252093395631434,0,0,0
2024-10-30 16:00:00+03:00,8.981245,23.59788,7.553451,7.2867904,0.0,13.1027,5.606221,9.018755,0.0,6.018755,0.0,8.981245,7.910012,0,0,0,0,9.538701,9.605956,9.601411,10.236961,,7.571752846240997,7.203113604636088,1.3802972365665755,-0.557456,-0.6201658,-1.2557163,0,16,2,304,10,0,-0.8660254037844384,-0.5000000000000004,0.9749279121818236,-0.22252093395631434,0,0,0
2024-10-30 17:00:00+03:00,8.59191,24.292116,7.5386353,6.9121094,0.0,27.011702,4.989856,9.40809,0.0,6.4080896,0.0,8.59191,7.4581604,0,0,0,0,8.981245,9.538701,9.605956,9.73303,,7.524206181367238,7.213177349256433,1.3209913142489746,-0.38933468,-1.0140457,-1.14112,0,17,2,304,10,0,-0.9659258262890683,-0.25881904510252063,0.9749279121818236,-0.22252093395631434,0,0,0
2024-10-30 18:00:00+03:00,7.9259605,26.16026,6.294117,6.442947,0.00378,25.8697,4.3721685,10.074039,0.0,7.0740395,0.0,7.9259605,7.002913,0,0,0,0,8.59191,8.981245,9.538701,8.763381,,7.4893136620521545,7.2183052858860375,1.297691056840966,-0.6659498,-1.6127405,-0.83742046,0,18,2,304,10,0,-1.0,-1.8369701987210297e-16,0.9749279121818236,-0.22252093395631434,0,0,0
2024-10-30 19:00:00+03:00,7.6965256,26.941816,5.751772,6.2945714,0.00756,20.5842,4.7872586,10.303474,0.0,7.3034744,0.0,7.6965256,6.8980303,0,0,0,0,7.9259605,8.59191,8.981245,8.061526,,7.4741052985191345,7.221721145084926,1.2928231028056996,-0.22943497,-1.2847195,-0.36500072,0,19,2,304,10,0,-0.9659258262890684,0.2588190451025203,0.9749279121818236,-0.22252093395631434,0,0,0
2024-10-30 20:00:00+03:00,7.160926,28.14913,5.6258373,5.7615747,0.00378,25.6275,4.1643004,10.839074,0.0,7.839074,0.0,7.160926,6.324095,0,0,0,0,7.6965256,7.9259605,8.59191,7.5673566,,7.457170685132344,7.2212899728869715,1.2942096637488842,-0.5355997,-1.4309845,-0.40643072,0,20,2,304,10,0,-0.8660254037844386,0.5000000000000001,0.9749279121818236,-0.22252093395631434,0,0,0
2024-10-30 21:00:00+03:00,6.7572007,29.352213,5.526974,5.358332,0.0,22.540798,4.156166,11.2428,0.0,8.2428,0.0,6.7572007,5.894598,0,0,0,0,7.160926,7.6965256,7.9259605,7.181976,,7.43947172164917,7.2180217386971055,1.3010232880595103,-0.40372515,-1.1687598,-0.42477512,0,21,2,304,10,0,-0.7071067811865477,0.7071067811865474,0.9749279121818236,-0.22252093395631434,0,0,0
2024-10-30 22:00:00+03:00,6.3595557,31.205235,5.3058524,5.0069547,0.0,16.0221,4.0048814,11.640444,0.0,8.640444,0.0,6.3595557,5.515937,0,0,0,0,6.7572007,7.160926,7.6965256,6.794185,,7.4213621616363525,7.21201847983407,1.3133622564773813,-0.397645,-1.3369699,-0.43462944,0,22,2,304,10,0,-0.5000000000000004,0.8660254037844384,0.9749279121818236,-0.22252093395631434,0,0,0
2024-10-30 23:00:00+03:00,6.132396,32.168564,4.807001,4.851822,0.0,15.106099,3.8711526,11.867603,0.0,8.867603,0.0,6.132396,5.4401007,0,0,0,0,6.3595557,6.7572007,7.160926,6.680306,,7.398532589276631,7.204521103037728,1.3314413559303677,-0.2271595,-1.0285296,-0.54790974,0,23,2,304,10,0,-0.25881904510252157,0.9659258262890681,0.9749279121818236,-0.22252093395631434,0,0,0
2024-10-31 00:00:00+03:00,5.943856,32.854248,4.6327972,4.6805286,0.0,18.3266,3.9871132,12.056145,0.0,9.056145,0.0,5.943856,5.943856,0,0,0,0,6.132396,6.3595557,6.7572007,6.591526,,7.3715463280677795,7.195826859309755,1.354866860545995,-0.18854046,-0.81334496,-0.64767027,0,0,3,305,10,0,0.0,1.0,0.43388373911755823,-0.900968867902419,0,0,0
2024-10-31 01:00:00+03:00,5.913906,33.01003,4.5251694,4.6707854,0.0,22.1283,4.078606,12.086094,0.0,9.086094,0.0,5.913906,5.913906,0,0,0,0,5.943856,6.132396,6.3595557,6.4869065,,7.3476713101069135,7.187046580118675,1.376016997761355,-0.029949665,-0.44564962,-0.57300043,0,1,3,305,10,0,0.25881904510252074,0.9659258262890683,0.43388373911755823,-0.900968867902419,0,0,0
2024-10-31 02:00:00+03:00,5.8314815,33.37411,4.8986926,4.542802,0.0,21.219099,4.1360297,12.168518,0.0,9.168518,0.0,5.8314815,5.06444,0,0,0,0,5.913906,5.943856,6.132396,6.329031,,7.32694007953008,7.177825048667233,1.3956393681083168,-0.08242464,-0.30091476,-0.49754953,0,2,3,305,10,0,0.49999999999999994,0.8660254037844387,0.43388373911755823,-0.900968867902419,0,0,0
2024-10-31 03:00:00+03:00,5.7420807,33.957905,4.8621287,4.452265,0.0,3.1859002,4.56304,12.257919,0.0,9.257919,0.0,5.7420807,4.977216,0,0,0,0,5.8314815,5.913906,5.943856,6.133476,,7.310631950696309,7.16812407326054,1.4123777667535147,-0.08940077,-0.20177507,-0.3913951,0,3,3,305,10,0,0.7071067811865475,0.7071067811865476,0.43388373911755823,-0.900968867902419,0,0,0
2024-10-31 04:00:00+03:00,5.7268014,37.704018,4.611481,4.6753345,0.0,23.193901,4.4766655,12.273199,0.0,9.273199,0.0,5.7268014,5.7268014,0,0,0,0,5.7420807,5.8314815,5.913906,6.4283066,,7.28140256802241,7.158450766697826,1.4384497783667403,-0.015279293,-0.1871047,-0.7015052,0,4,3,305,10,0,0.8660254037844386,0.5000000000000001,0.43388373911755823,-0.900968867902419,0,0,0
2024-10-31 05:00:00+03:00,5.696406,38.13539,5.260206,4.5682726,0.0,26.567598,4.502036,12.303595,0.0,9.303595,0.0,5.696406,4.7768164,0,0,0,0,5.7268014,5.7420807,5.8314815,6.252286,,7.258240898450215,7.148703800837199,1.460054003771449,-0.030395508,-0.13507557,-0.55588007,0,5,3,305,10,0,0.9659258262890683,0.25881904510252074,0.43388373911755823,-0.900968867902419,0,0,0
2024-10-31 06:00:00+03:00,5.7135763,37.555492,5.5328884,4.519544,0.0,8.5394,4.541686,12.286424,0.0,9.286424,0.0,5.7135763,4.699956,0,0,0,0,5.696406,5.7268014,5.7420807,5.9562464,,7.248129645983378,7.139199645313996,1.4702672368069367,0.01717043,-0.028504372,-0.24267006,0,6,3,305,10,0,1.0,6.123233995736766e-17,0.43388373911755823,-0.900968867902419,0,0,0
2024-10-31 07:00:00+03:00,5.473341,37.103275,5.6252155,4.178609,0.0,9.8899,4.5484037,12.526659,0.0,9.526659,0.0,5.473341,4.393334,0,0,0,0,5.7135763,5.696406,5.7268014,5.7700562,,7.235766510168712,7.1282400488853455,1.4844158223479726,-0.24023533,-0.2534604,-0.29671526,0,7,3,305,10,0,0.9659258262890683,-0.25881904510252063,0.43388373911755823,-0.900968867902419,0,0,0
2024-10-31 08:00:00+03:00,5.7052712,36.048206,5.246988,4.4495516,0.0,13.132999,4.1447406,12.294729,0.0,9.294729,0.0,5.7052712,4.791693,0,0,0,0,5.473341,5.7135763,5.696406,6.0625157,,7.220881323019664,7.118939599180533,1.4984174028415875,0.23193026,0.008865356,-0.3572445,0,8,3,305,10,0,0.8660254037844387,-0.49999999999999983,0.43388373911755823,-0.900968867902419,0,0,0
2024-10-31 09:00:00+03:00,6.763201,32.157475,5.2158747,5.545706,0.0,11.9505005,4.087048,11.236799,0.0,8.236799,0.0,6.763201,6.006842,0,0,0,0,5.7052712,5.473341,5.7135763,7.082257,,7.20758734146754,7.116629609813938,1.5011136617283467,1.05793,1.0496249,-0.31905556,0,9,3,305,10,0,0.7071067811865476,-0.7071067811865475,0.43388373911755823,-0.900968867902419,0,0,0
2024-10-31 10:00:00+03:00,7.8346806,27.52879,6.6091967,6.370333,0.0,11.275999,4.370523,10.165319,0.0,7.1653194,0.0,7.8346806,6.810577,0,0,0,0,6.763201,5.7052712,5.473341,8.050731,,7.1985852519671125,7.121262196571596,1.4964782055304475,1.0714793,2.3613396,-0.21605015,0,10,3,305,10,0,0.49999999999999994,-0.8660254037844387,0.43388373911755823,-0.900968867902419,0,0,0
2024-10-31 11:00:00+03:00,8.639787,24.670439,7.1566176,7.0737457,0.0,15.761399,4.5708604,9.360213,0.0,6.3602133,0.0,8.639787,7.605084,0,0,0,0,7.8346806,6.763201,5.7052712,8.768706,,7.193213601907094,7.130996328133803,1.4908178443979876,0.80510616,2.9345155,-0.1289196,0,11,3,305,10,0,0.258819045102521,-0.9659258262890682,0.43388373911755823,-0.900968867902419,0,0,0
2024-10-31 12:00:00+03:00,9.220851,22.10211,7.2874684,7.5930963,0.00249,13.224299,4.65671,8.779149,0.0,5.779149,0.0,9.220851,8.251192,0,0,0,0,8.639787,7.8346806,6.763201,9.30095,,7.189876139163971,7.144307504034346,1.4859759400050132,0.5810642,2.4576497,-0.080099106,0,12,3,305,10,0,1.2246467991473532e-16,-1.0,0.43388373911755823,-0.900968867902419,0,0,0
2024-10-31 13:00:00+03:00,9.591657,20.601019,7.3683395,7.9529223,0.0,11.4897995,4.8022695,8.408343,0.0,5.4083433,0.0,9.591657,8.665296,0,0,0,0,9.220851,8.639787,7.8346806,9.601411,,7.189469714959462,7.159797055811822,1.4852888674689753,0.37080574,1.7569761,-0.009754181,0,13,3,305,10,0,-0.2588190451025208,-0.9659258262890683,0.43388373911755823,-0.900968867902419,0,0,0
2024-10-31 14:00:00+03:00,9.770145,20.177176,7.724709,8.057109,0.0,15.195499,4.765413,8.229855,0.0,5.2298546,0.0,9.770145,8.795371,0,0,0,0,9.591657,9.220851,8.639787,9.605956,,7.196310937404633,7.1762143410976575,1.4972332009527471,0.17848873,1.1303587,0.16418934,0,14,3,305,10,0,-0.4999999999999998,-0.8660254037844388,0.43388373911755823,-0.900968867902419,0,0,0
2024-10-31 15:00:00+03:00,9.7038355,20.474174,8.121726,7.905027,0.0,17.317598,4.742644,8.2961645,0.0,5.2961645,0.0,9.7038355,8.633693,0,0,0,0,9.770145,9.591657,9.220851,9.538701,,7.203191538651784,7.192011973261833,1.5088005400906646,-0.06630993,0.48298454,0.16513443,0,15,3,305,10,0,-0.7071067811865471,-0.7071067811865479,0.43388373911755823,-0.900968867902419,0,0,0
2024-10-31 16:00:00+03:00,9.207791,23.722675,7.443567,7.6509166,0.0075900005,12.243799,4.796179,8.792209,0.0,5.7922087,0.0,9.207791,8.199931,0,0,0,0,9.7038355,9.770145,9.591657,8.981245,,7.212630967299144,7.204532341927475,1.5210669338632594,-0.49604416,-0.38386536,0.22654629,0,16,3,305,10,0,-0.8660254037844384,-0.5000000000000004,0.43388373911755823,-0.900968867902419,0,0,0
2024-10-31 17:00:00+03:00,8.830346,24.81418,7.2679067,7.3021383,0.0,11.175,4.6356573,9.169654,0.0,6.169654,0.0,8.830346,7.800387,0,0,0,0,9.207791,9.7038355,9.770145,8.59191,,7.222565790017446,7.214568229369175,1.5312121939442607,-0.37744522,-0.9397993,0.23843575,0,17,3,305,10,0,-0.9659258262890683,-0.25881904510252063,0.43388373911755823,-0.900968867902419,0,0,0
2024-10-31 18:00:00+03:00,7.9456863,28.060617,6.1426754,6.6251264,0.0,5.9161,4.4849586,10.054314,0.0,7.0543137,0.0,7.9456863,7.068579,0,0,0,0,8.830346,9.207791,9.7038355,7.9259605,,7.223387698332469,7.219053616552997,1.5316114126946987,-0.88465977,-1.7581491,0.0197258,0,18,3,305,10,0,-1.0,-1.8369701987210297e-16,0.43388373911755823,-0.900968867902419,0,0,0
2024-10-31 19:00:00+03:00,7.245541,31.538366,5.949671,6.010111,0.0,6.554,4.2933216,10.754459,0.0,7.754459,0.0,7.245541,6.320154,0,0,0,0,7.9456863,8.830346,9.207791,7.6965256,,7.2045966784159345,7.219215125572391,1.5283171736315668,-0.70014524,-1.9622502,-0.45098448,0,19,3,305,10,0,-0.9659258262890684,0.2588190451025203,0.43388373911755823,-0.900968867902419,0,0,0
2024-10-31 20:00:00+03:00,6.8540206,33.13988,5.543613,5.688533,0.0,3.8635,4.294027,11.145979,0.0,8.145979,0.0,6.8540206,5.9997683,0,0,0,0,7.245541,7.9456863,8.830346,7.160926,,7.191808958848317,7.21700182539044,1.529981523693802,-0.3915205,-1.9763255,-0.30690527,0,20,3,305,10,0,-0.8660254037844386,0.5000000000000001,0.43388373911755823,-0.900968867902419,0,0,0
2024-10-31 21:00:00+03:00,6.4671807,34.615437,5.4795504,5.290597,0.0,4.6783996,4.489437,11.53282,0.0,8.53282,0.0,6.4671807,5.579131,0,0,0,0,6.8540206,7.245541,7.9456863,6.7572007,,7.179724792639415,7.212484830833343,1.5347014543865554,-0.38683987,-1.4785056,-0.29002,0,21,3,305,10,0,-0.7071067811865477,0.7071067811865474,0.43388373911755823,-0.900968867902419,0,0,0
2024-10-31 22:00:00+03:00,6.1028814,36.30702,5.2404547,4.9626284,0.0,0.7012,4.5027046,11.897119,0.0,8.897119,0.0,6.1028814,5.246668,0,0,0,0,6.4671807,6.8540206,7.245541,6.3595557,,7.1690300305684405,7.205840499101285,1.5415444823209186,-0.3642993,-1.1426597,-0.2566743,0,22,3,305,10,0,-0.5000000000000004,0.8660254037844384,0.43388373911755823,-0.900968867902419,0,0,0
2024-10-31 23:00:00+03:00,5.912506,37.556824,4.9180245,4.8377686,0.0,1.3485,4.458043,12.087494,0.0,9.087494,0.0,5.912506,5.148885,0,0,0,0,6.1028814,6.4671807,6.8540206,6.132396,,7.159867942333221,7.198142080079942,1.5486107949046952,-0.19037533,-0.9415145,-0.21989012,0,23,3,305,10,0,-0.25881904510252157,0.9659258262890681,0.43388373911755823,-0.900968867902419,0,0,0
2024-11-01 00:00:00+03:00,5.6084166,38.688007,4.513648,4.5709133,0.0,0.5161,4.5997987,12.391583,0.0,9.391583,0.0,5.6084166,5.6084166,0,0,0,0,5.912506,6.1028814,6.4671807,5.943856,5.8329906,7.145891308784485,7.19680532954988,1.561522689582769,-0.30408955,-0.8587642,-0.3354392,0,0,4,306,11,0,0.0,1.0,-0.433883739117558,-0.9009688679024191,0,0,0
2024-11-01 01:00:00+03:00,5.387946,39.15102,4.394471,4.3364964,0.0,2.646,4.7264285,12.612054,0.0,9.612054,0.0,5.387946,5.387946,0,0,0,0,5.6084166,5.912506,6.1028814,5.913906,5.4644213,7.123976310094197,7.196350120362782,1.5831061764289285,-0.22047043,-0.7149353,-0.52595997,0,1,4,306,11,0,0.25881904510252074,0.9659258262890683,-0.433883739117558,-0.9009688679024191,0,0,0
2024-11-01 02:00:00+03:00,5.307311,39.303867,4.5308266,4.224778,0.0,2.4239001,4.7420774,12.692689,0.0,9.692689,0.0,5.307311,5.307311,0,0,0,0,5.387946,5.6084166,5.912506,5.8314815,5.5357256,7.102135876814525,7.194990510032291,1.6051745184541162,-0.08063507,-0.60519505,-0.5241704,0,2,4,306,11,0,0.49999999999999994,0.8660254037844387,-0.433883739117558,-0.9009688679024191,0,0,0
2024-11-01 03:00:00+03:00,5.1810465,39.83146,4.4093904,4.109365,0.0,3.0939999,4.7285733,12.8189535,0.0,9.8189535,0.0,5.1810465,5.1810465,0,0,0,0,5.307311,5.387946,5.6084166,5.7420807,5.454696,7.078759451707204,7.193361642814818,1.629739639869271,-0.12626457,-0.42737007,-0.5610342,0,3,4,306,11,0,0.7071067811865475,0.7071067811865476,-0.433883739117558,-0.9009688679024191,0,0,0
2024-11-01 04:00:00+03:00,5.260831,40.043858,4.1578693,4.2378035,0.0,4.0457997,4.8240542,12.739169,0.0,9.739169,0.0,5.260831,5.260831,0,0,0,0,5.1810465,5.307311,5.387946,5.7268014,5.6257663,7.0593440135320025,7.191189408302307,1.6492054271742869,0.07978439,-0.12711525,-0.46597052,0,4,4,306,11,0,0.8660254037844386,0.5000000000000001,-0.433883739117558,-0.9009688679024191,0,0,0
2024-11-01 05:00:00+03:00,5.1496863,40.24716,4.0298624,4.1303306,0.0,7.7970004,4.6598783,12.850313,0.0,9.850313,0.0,5.1496863,5.1496863,0,0,0,0,5.260831,5.1810465,5.307311,5.696406,5.5660667,7.036564032236735,7.188710953508105,1.6724616625307862,-0.11114454,-0.15762472,-0.54671955,0,5,4,306,11,0,0.9659258262890683,0.25881904510252074,-0.433883739117558,-0.9009688679024191,0,0,0
2024-11-01 06:00:00+03:00,4.977821,40.72218,4.1087246,3.9291458,0.0,4.1043997,5.1505995,13.022179,0.0,10.022179,0.0,4.977821,4.977821,0,0,1,0,5.1496863,5.260831,5.1810465,5.7135763,5.454986,7.005907555421193,7.185870684328533,1.7042085440925654,-0.17186546,-0.20322561,-0.73575544,0,6,4,306,11,0,1.0,6.123233995736766e-17,-0.433883739117558,-0.9009688679024191,0,0,0
2024-11-01 07:00:00+03:00,4.8364415,40.82116,3.9124644,3.7878528,0.0,8.995298,5.09043,13.163559,0.0,10.163559,0.0,4.8364415,4.8364415,0,0,1,0,4.977821,5.1496863,5.260831,5.473341,5.350176,6.97937007745107,7.182812741824558,1.7338125421973432,-0.14137936,-0.42438936,-0.6368995,0,7,4,306,11,0,0.9659258262890683,-0.25881904510252063,-0.433883739117558,-0.9009688679024191,0,0,0
2024-11-01 08:00:00+03:00,5.115751,40.235985,4.1052613,4.066974,0.0,12.3896,5.0117683,12.884249,0.0,9.884249,0.0,5.115751,5.115751,0,0,0,0,4.8364415,4.977821,5.1496863,5.7052712,5.6737905,6.954806725184123,7.179491077150617,1.7566730516381017,0.27930927,-0.033935547,-0.58952045,0,8,4,306,11,0,0.8660254037844387,-0.49999999999999983,-0.433883739117558,-0.9009688679024191,0,0,0
2024-11-01 09:00:00+03:00,6.4475656,35.815342,4.5986457,5.426952,0.0,21.4269,4.797983,11.552435,0.0,8.552435,0.0,6.4475656,6.4475656,0,0,0,0,5.115751,4.8364415,4.977821,6.763201,6.694711,6.941655238469441,7.178019972074599,1.7593493696171105,1.3318148,1.4697447,-0.31563568,0,9,4,306,11,0,0.7071067811865476,-0.7071067811865475,-0.433883739117558,-0.9009688679024191,0,0,0
2024-11-01 10:00:00+03:00,7.7367067,31.51446,4.358363,6.8026524,0.0,19.1636,5.0510173,10.263293,0.0,7.2632933,0.0,7.7367067,7.7367067,0,0,0,0,6.4475656,5.115751,4.8364415,7.8346806,7.6370316,6.937572995821635,7.178613276708694,1.7572996503742702,1.2891412,2.9002652,-0.09797382,0,10,4,306,11,0,0.49999999999999994,-0.8660254037844387,-0.433883739117558,-0.9009688679024191,0,0,0
2024-11-01 11:00:00+03:00,8.686321,27.393978,5.5053616,7.5380883,0.0,20.7789,5.143812,9.313679,0.0,6.3136787,0.0,8.686321,8.10562,0,0,0,0,7.7367067,6.4475656,5.115751,8.639787,8.386202,6.939511934916179,7.180399701708839,1.759284020656391,0.9496145,3.5705705,0.04653454,0,11,4,306,11,0,0.258819045102521,-0.9659258262890682,-0.433883739117558,-0.9009688679024191,0,0,0
2024-11-01 12:00:00+03:00,9.40837,24.388807,5.700476,8.214954,0.0,16.5866,4.9831476,8.59163,0.0,5.59163,0.0,9.40837,8.874417,0,0,0,0,8.686321,7.7367067,6.4475656,9.220851,8.960201,6.947325229644775,7.183067372867039,1.7702386662803133,0.72204876,2.9608045,0.18751907,0,12,4,306,11,0,1.2246467991473532e-16,-1.0,-0.433883739117558,-0.9009688679024191,0,0,0
2024-11-01 13:00:00+03:00,9.887192,22.401834,5.3495336,8.755127,0.0,19.2462,4.891345,8.112808,0.0,5.112808,0.0,9.887192,9.522376,0,0,0,0,9.40837,8.686321,7.7367067,9.591657,9.3630705,6.959639191627502,7.186187142417545,1.7903463443808847,0.47882175,2.150485,0.2955351,0,13,4,306,11,0,-0.2588190451025208,-0.9659258262890683,-0.433883739117558,-0.9009688679024191,0,0,0
2024-11-01 14:00:00+03:00,10.136315,21.326624,5.318929,8.927729,0.0,19.8037,4.788969,7.8636847,0.0,4.8636847,0.0,10.136315,10.136315,0,0,0,0,9.887192,9.40837,8.686321,9.770145,9.4989,6.974896272023519,7.1899812789190385,1.816704615993818,0.24912357,1.4499941,0.36616993,0,14,4,306,11,0,-0.4999999999999998,-0.8660254037844388,-0.433883739117558,-0.9009688679024191,0,0,0
2024-11-01 15:00:00+03:00,10.137682,21.48257,5.59779,8.857341,0.0,18.610401,4.640597,7.862318,0.0,4.862318,0.0,10.137682,10.137682,0,0,0,0,10.136315,9.887192,9.40837,9.7038355,9.606122,6.992973208427429,7.193145326205662,1.846946030136016,0.0013666153,0.72931194,0.43384647,0,15,4,306,11,0,-0.7071067811865471,-0.7071067811865479,-0.433883739117558,-0.9009688679024191,0,0,0
2024-11-01 16:00:00+03:00,9.957927,21.515577,5.30774,8.694613,0.0,23.859098,4.699808,8.042073,0.0,5.0420732,0.0,9.957927,9.615189,0,0,0,0,10.137682,10.136315,9.887192,9.207791,9.332776,7.024228851000468,7.196866461208889,1.891857908016473,-0.17975521,0.07073498,0.7501354,0,16,4,306,11,0,-0.8660254037844384,-0.5000000000000004,-0.433883739117558,-0.9009688679024191,0,0,0
2024-11-01 17:00:00+03:00,9.313391,24.342527,5.68213,8.084913,0.0,25.6838,4.408831,8.686609,0.0,5.6866093,0.0,9.313391,8.770863,0,0,0,0,9.957927,10.137682,10.136315,8.830346,8.915796,7.044355710347493,7.199233094851176,1.914343868933611,-0.644536,-0.8229246,0.48304462,0,17,4,306,11,0,-0.9659258262890683,-0.25881904510252063,-0.433883739117558,-0.9009688679024191,0,0,0
2024-11-01 18:00:00+03:00,8.176822,28.923128,5.2204924,7.06635,0.0,16.3275,5.191975,9.823178,0.0,6.8231783,0.0,8.176822,7.6139507,0,0,0,0,9.313391,9.957927,10.137682,7.9456863,8.078376,7.0539863506952925,7.199819082305545,1.91964945472129,-1.136569,-1.9608603,0.23113537,0,18,4,306,11,0,-1.0,-1.8369701987210297e-16,-0.433883739117558,-0.9009688679024191,0,0,0
2024-11-01 19:00:00+03:00,7.7782364,30.535706,4.710599,6.758439,0.0,13.1474,4.100585,10.221764,0.0,7.2217636,0.0,7.7782364,7.7782364,0,0,0,0,8.176822,9.313391,9.957927,7.245541,7.4254413,7.076181987921397,7.201919053282056,1.92503262596468,-0.39858532,-2.1796904,0.5326953,0,19,4,306,11,0,-0.9659258262890684,0.2588190451025203,-0.433883739117558,-0.9009688679024191,0,0,0
2024-11-01 20:00:00+03:00,7.098881,32.781414,4.684185,6.0626655,0.0,21.0996,4.15028,10.901119,0.0,7.901119,0.0,7.098881,7.098881,0,0,0,0,7.7782364,8.176822,9.313391,6.8540206,7.0640116,7.086384495099385,7.20212660800843,1.924452778418463,-0.6793556,-2.21451,0.24486017,0,20,4,306,11,0,-0.8660254037844386,0.5000000000000001,-0.433883739117558,-0.9009688679024191,0,0,0
2024-11-01 21:00:00+03:00,6.8244014,33.78971,4.654304,5.7796097,0.0,22.180202,4.392773,11.175598,0.0,8.175598,0.0,6.8244014,6.8244014,0,0,0,0,7.098881,7.7782364,8.176822,6.4671807,6.5915165,7.1012686888376875,7.203512827555339,1.9208334957629687,-0.2744794,-1.3524203,0.35722065,0,21,4,306,11,0,-0.7071067811865477,0.7071067811865474,-0.433883739117558,-0.9009688679024191,0,0,0
2024-11-01 22:00:00+03:00,6.404786,35.65777,4.6129203,5.3637567,0.0,2.7113998,4.6065817,11.595214,0.0,8.595214,0.0,6.404786,6.404786,0,0,0,0,6.8244014,7.098881,7.7782364,6.1028814,6.566281,7.113848050435384,7.2025515493892485,1.91499055989718,-0.41961527,-1.3734503,0.30190468,0,22,4,306,11,0,-0.5000000000000004,0.8660254037844384,-0.433883739117558,-0.9009688679024191,0,0,0
2024-11-01 23:00:00+03:00,6.128686,36.66308,4.3755283,5.109956,0.0,4.4045997,4.5500846,11.871314,0.0,8.871314,0.0,6.128686,6.128686,0,0,0,0,6.404786,6.8244014,7.098881,5.912506,6.036176,7.122855544090271,7.2031022026425315,1.909594972683562,-0.27610016,-0.9701948,0.21617985,0,23,4,306,11,0,-0.25881904510252157,0.9659258262890681,-0.433883739117558,-0.9009688679024191,0,0,0
